ORI_APP,SMS,SCREEN,PRESENT,POWERDISCON,POWERCON,PACKAGEREMOVE,PACKAGEADD,LOCATION,CONNECTOIN,BOOTCOMPLETE
03191237256611ca8400dcc35261f2e9c028956fef272a574680b2c8053c566d,3ab27b634bcf76721f604ff855f93caf09f0c9db4a42c93a7cf7f71c90666aef,bbfa441cb963470294fee2fca322cd6e675fde718e74fde636af238db89499ad,58fa443a44218efa696d7a1f4d086a908d25791cb0e89cbb2b76a01c3a07b68b,01e654554804aca6df03ee29ea8e1b9166037d3547493336a19827812597e549,5c52dde3ddaea1d2ced127f706470911a974cdbe963c26b27bfb0426d2dedb6f,2cf648ebb2a0697f60b95e0cb641969f3d07fbbf639caf53e859a9dbaf295c01,1e5210188b2a04db883f5a328d1574d1a9db8c98b42a88cc16c371d1b2550159,de5f1b2fe7f4820dd13c656389d011270c4fb44d83bb685a3b0f420cfcd71789,92167df3ef12c8edf7a3e32900d2392d4eee8e74477cb1664ce1e8ae1913b167,fdd6324ebdfd54f3cf8431115272196748a1d581148a06c7b123b04a21b7cfe8
02c9bddf966b59a8850a7395e7ce5af21ca16c442a0389fa0f5ec86680e39c9f,52af041722f09b2dc3fd3f138356279c1990aa35503f8dd77e2d3f429b2c270a,3973a82fab2c13eee2bd1e017e6c12bd5344992e4f3825e27e38a0e7d24075a1,2af30dcc6852790b325fe52440db21705cad2eb6af95e0e7094782e6ad7887c6,feacedb38b76c2c773167a223324ffc53c31f4ed7abc7729cc88bdb10634d822,121e66f34f1238e7495c12a902505a94c1980ae0ea418d8a9d6857ca052868b5,41f9b8b89c7c54f96e0ed905b1a0da446a0bcaa1bf5de1d1c4002896493480f5,88779b31428cdea81bcff727e72b82f83997489b1acb6416952ddb582c99b652,7e8c9402563ec40c3441dc939cba1bf2f5a75eecc8410a38c8b3a2e8905ca0af,145b30596667d62f6b8f56ad5904012a94a54761d73a9786b6a93e5aebe5e968,5bd1b2b44a15a75eeaa9a7daf8f21d5d9dd5f14facb646b9513a16c6c4f65c46
0060fecb87670b01861ce9fe3328060d56614f97d525f42092d1405cf8cb87d6,d6dfba5535e0e9989dd9656cbaabf1c85c9342dda18227b9aad136e261686010,72c43c52dea43f443ca144ba7515e93f3521d83710fdb00d981a9d042a4c4e12,333459ffddf544794fb8ae51465f90710d9b77b2d0d198247b0b8b1716522f68,c8a1183ec3482c9af7846ffce013909654f674447a1bd1fe5adc0ff6807a1e98,12e86225db864ec82b246d1d78e12770a01dc8ed668bf942ef7977c11bdbe418,74d3639286886051b6c4bd98c0e4782af19f66f4ccf71ed2b018045186ad2817,3ddc8184853b6b37a9913305b1cee60ce3ca3b43bb8ae95a700d06c714cbfdba,4934b05a26e241e8eb9937cc4fc4d0b69cc59010eb30f558e802356e9245d84c,67560836f48862d936318a2c37ad2c31e8995a8562b46e31c4175d0b46d1e35b,b8f47ab04baa9afd992aff3a346087acd0ca93c8b8f459f19672151a65c7104a
0281dcaf90acbb221383c2787ebf93d21cf12e6367a4313f8ddc482dd6b4683b,7c7b7ad88d3b9baa44323ed97334310b2800a1894a04dadb5bd55d4244cefb53,1df8551e59a462f0d8f689dc560dad06f5d73087517a6e624b9e88424634257f,d227a88d62e0686909c53d07776b3c373a37ea5432e4afbb3628e8896d39bca8,845186586f61a8dc7a646d6276f92c15a86555cc4fb6e9e2130a3edb59709ed4,a5b8d0082fbeaa2703096b65c8c1d528aba76e395e59af7f0d53db24ded68734,9be11d07df85dbc391a7ceed690fd94a444c6d39586c13bf72de49cba0978fbe,198b3aa2b13e1927be02c600f127724de3812b347d9507da0690b0d3969f5a0e,42dbff48b3499f88ee584a770abb04184f48c08b67c01dd2245d67b811b8d6e3,f668dee4f9c84c729d68d7d4242a9ad75e476222288b570f6ed7faff14838a49,493114edca7de7dd4e05636953b86dd44cfe07c5b5db7b68c44ca3c2a64b8099
01a3ed554a26373d89deafacd69144f342c6d20dfaa870180b5bc21daff816d4,e790ed9c2db209beadb9c507a89b7fb415437d3438172ed7f27efdf9b2e7b524,297e2c818f00c22f22c799ed581d7d754875fd624c1375591797f7971dc19db2,f49d063c29d30cef795386b576c14013a6ffe08b7a066a093d60bdec49855aa7,e727c960e1300ca886489e0be9162aae9692c806a78adf5e97674d975d6dec6c,8275cbd4b6e772971c4bbf650d9e0d4b22f0898b439b1e6b39efa1ca1857af1a,52dbdc8da0e10159ff31863c5a18903e593efa14e5684d93030ed61f1a28a29f,16c0935fcc2886312aac152d124ef126aa13720061dd92cc8b01e4b486c3db67,c654e65063ad8822880469995a6eb9e230ee4a90713828b1243125e9f799745e,410a68bebcfc8ba083b2a74c8b49ff083ed59a7015afecb8f11af6cc3d8478ee,0e9fd5a5716229dc70046d9eb129e6a285237caa3e90a7b5974d40bc73f4b517
00876a3114f5bbba79d450ef0cb9c4b1e9bb4a6154875f22290ae63104c76ea7,a19e72243ba5895cc5c1c104e343bc9a34f6cdbe3dab8af8b7bede16a44601bf,9a8285780395c575a8ce268f89a7768af344601115cc09da5373b456c46c3686,fd30fc7937798c5d15da2c0aca65b390fca7364ec0ab18c2e1856ad76190f199,71f6728d2ab3ad2e833fba60c4b6a624ef9e947f57902dd97776da6d04ad80e3,74afef346195431613353e464de687ae9b2cc301c88d5afe7d885a3d76f47ff8,c1470a90fde445df448de5a632a1e00569abafef7f09f6b9c41f1883ed23a09d,fd04663de69a7fb01c7c7c9e098567c8f62f93cb5b934db2c92c8ad67f9759a8,23c9c945d3cb5fac9c8b7c8e19fcef8e40e25318be99ed55b524d20686d678f9,21a3a609a99229c6d421948c4299398253448a6571a9462efbbda9c701499b89,5af4c4025bc50291aa8dbd444e2e72a9febfbade1b1a0d0693bbb06719df7afb
019248440ff1b20651297d9ee10a22ae7485a095af017a9269ed6de68a91e846,8ebe44c216b49bae70c54f2f4a22ae457de5041447aceb888a4260702ff422fc,db3f25f9cb613047898702fa284862cea6a51232f554ac9ef6082596f08919cc,55850920daee73c7caddf110c0b5131ee8a914c60e3010188e4ba2c6fcba18ca,a91a32cafa1c6b13a964e779352d6b902fb07bbb458d4319526ce31d8e75e4c9,67c61483ccde0505ec79cb82d9c6f12e7045f0038d8ab49177a2567a05c284b0,7470fc09f20dfb10289a02634bc114d7c275671ac7124b87b977f5529a4a8dec,5778b97ae86b2ded0dac07115ae2a493a611cdbbaef3e58c26dbfb503b59dacb,ea9ae39002470a347cf9b8c18e8d073a4707ce20494b406bef1f58d9b3471490,dd997dafbe15ff170f319a39ddd29e0aa8b850585c527a5d2f4d0e1f9b3517ab,5e935fb2de615be9c10450bfe6c9c5be676927bf5cc86eb4fe9a7ea2f8c5ce07
03f5557f3d8c18c27ce33f211790d488b9bfbebb9a152a390ba83614773b1f3a,c8b0d015442ebf567f1c3fcb9d43090c2873ce9416588b962a1b9f3d374fcc9c,440cb4e69b048d5b6084a2b0c6b9abe731b238fe86fd1f68f16794381b21eea2,a875c5a6c7e7c129be2dc61eea64cb9266d240c96a3fede7a57295e6362e3290,c58ba8477fa3f98e6a690d706f62c2a5c0c02be75230500e4095605216088e7d,e158c162dce0ce2cf8b2f2a245e4e233b0b99fc5a67150b851d5f46053733255,96783e9ba45bbedaa40b0e53dfbbe455caa485e2a1bf3ad91cde7464bf7d5a7a,36a2cd5857d5666d814782755ce5eef874a5d638147a19ecb6746fdbfabe3a18,c0de44cf2b944989f9fc5fefef930b2c6fca137d47f5ecb287f75d34d6e47c50,788b91c8f39cf68279ff21b947e6e297482ccafd1b2a8b06f79d900c06499894,5a022f675d91d6c29877e2ddb9e82549cebbdf1ba00ceb85205c7b8cf4c25f50
08cb0cab276ab0f339ef0f5e1988240d1c181c23b228f8ce016ae7473917a289,1bf4a9352c12f21fa0c285396dc986b98aea721d28a3ba427a7bf1bb6c63114a,f1169d44d7741615668107f6e95c55c3c700219e535af4727038520689600b02,b052e4fc21b65ba1be8769c25b71547dffc7290f8c459b532d0d626725d6ca6a,ac66dc8d15e13433d2d0989823c05454738f182bac8ebf8c31e1d63cbbb59a6a,a3d6f988fd5623b93e272d55ef7637501800bee6b8683aefff007be6b1e0439b,72677a90a5ca7f1697699aa7069fdd8d609d6b6e5d6dd5e5a3846a31695ac5b9,b1eee746f210598f092bb1df61c335f419591077be6b29880ab3984ded36752a,8653ddfd83cc2b24f368bf0b75600f432fc1a31391657e4ef7a98bdde974f5b7,f15e213cbf0c4cfd8c273aea17834ccc239ae007ac0997a0adb17bf8b3f469fb,31e6c61ecc1382e33d2304b8bc85d876f4fc443dd573bdfe94266fbc38526aca
02264bc4b9b4061642aad15fa63d5d291bd8840bd9f3c449813362904f28c8c3,cb26206ff71f79a1474c7329932ea08d842185775be03add7b74c26a9968fde9,283a0b84301d961e60049f8df5a489572c36bf4c5a85cdb8bef10a65c1391fdb,53ed7808bd280253ae1191e7d3009baa464c4fa225ef51af432618dd76bfdd0c,8e1129da17f9be162d63969902e7367293060c052a0084509429b89e6b70d23f,c1f0ed074b41d53bf5664d0ee5ed65ec6b3907e49ff3535e402a76158c761961,d430c7e3e618eeb856ee948a32d07cc555382a92ed079901aea87bdf1a070ad2,82cca8808d8fb18f6ce83093e92663fadf8bc41c1eea46bfd6e0d20ef6125cd2,1a145118159b62a059ecb1c0d76c337480a5b67c096fa9627d9c9e5f65dd428d,e097ad3c5c9af378dc8bac479703e7691ebfd8aa0870610c26ce975cd1bacea1,5c6726878002495305b19de87143d638e9fb545165e3b339f8359763d22666d9
04ead53481d7356588ce73ebb93d1eef768ace10b781a1d14fc774a86fd356a3,fa5bb67297c3bfaa974a558aa45b42454c6432ac3995d0301b8f7e50080e2441,144cc3f85b1b1080eb9a32bbfc80f5f4dbba1f8938aedc5c091d9d0577450409,e7d2d8060622b3a49943c8dc5516cc2381e3a8234c5862c922780e597f4295de,b953ca9a974de963a1840e7a8678eb3d65631c458cad72e126ca0e6ec095ccfe,0ac9006209923877b85e5f40bed488c9cda90e854fd39d2063b610f948b14a30,4502a7019a485d7c46b8b29627998edcff6723beb88443d94cc98d69d7cf204b,4b37163360d3d402eadfa7ae5cadd23dba6ae4891f0f6b709cfa6080380bb77b,2b1809940109124c0a7b5bb68abfdd718b0d434fe9d67bda5a594be1baceed1b,43a65364523f9fdc44b333f32f182609d51199469bd6f8316938ca4778ee82d1,ded7d4378d72dec8c8cc2d456e678337abe3baf4db143048b25bbc3bdeb906cd
002f24e6d1ac40b549a64c0a9a647cb665c8e46a32916fba51b31ac70c5cc9be,6a73ca604ff42aaa8bc3fd1970b200bd96efb90d2ae1551f3b7551658d6cc90c,c9c39033a901785b8916362e3f11f5f681d72f749213eb51d08092a5aafaff8e,35c7db388ee822180069e898325dc46f315dfece72a6766fd43bb6384dc98686,368e1cd1ca7fb2c7e882ddb838cc67db9ca4c5569e69bccbf602afb192992bba,9abebce505237c8c0eecd4eeb9cd373746c3f07f987b0f60c007d2a5bff8e395,b997fa402f732a4e516511deab1a1003fea7ccfafd09f2351dc8230d4634c0c0,619c42c0c297827eab7c6002a926f5910c9f6d2cbedc1cf59c99dc4d1c772894,9bf272a7065186d1ad310028210a573a8894ba8c639c367495b632e28421595e,1c7d26279d8fa0e43cae99d2171eea888895ddb9b36158dacbb4b4d4e3f4a43c,4072221b066fe76eb9e5312270bd627d0900ee0792d0ca49970979d5592feffd
09849ea3d2758ad7d94af4bfca8bcb2faad91107cfd42aa87d0ca0281eb88696,b921f77e57f041f550973e6e197605f427b4cfb6826add04020bb25723e5572a,3d774d5076041b4e411b5b39657ee308da434f382c21f1e2960e39f8d6f1abe7,dea6ba30b1173b1be095b24575cfe4be4ff7adaa6f2fdb568d29273c07cbcccf,991e25dd60244b7614df007cef4ee7ad49b41b22bd25902c9a9bf57c49eadf51,d850994019d46d9a4fdfe4842faa6f7d19452e6396713f50fd7bdee11620f55f,8a36de5bc8407e75919ad7f118a0b2e132c9832348c677ab019e35e65cfaab34,b96b0e017de0e59687ecb48096665ac8be577501c9dd9f82d06237bb7a388bae,6ed7bf7452a75129ebfcb6ee4bf8dce065fde46da00732b3b52d324294f3747b,f828ff2587b8cefca746c66e47efb199d85885140f9c2c37636ccd4d0b566158,d65651f9ffa3e09d239ae6e2eb47e2df27d694025ff645d4eb343a7296cdf84a
07fd179996f62c9cd7cbf1bdba8558b06a7354fa23e08adb1b655e29cbc549d0,cc4c17c8b423003999f0410e586a485201f82ea2ff275ba46a82488f5b7248da,7dca4e3e626155b9c7b6151e17a418bc0c99ab54bb9df2609672551064e01968,65854671cbb7be06cf9c04388fd0603d09321e710308f4c3dc6225cf590a97a3,2ec2a83a2cf89c8171a96e92289892e7aa4c1f188fbbea544b0d187e4c923d1e,9843f211733e26a2cd483ecdbd7f168106f30abdd966a8cfbdd61bc6c3f1e73f,d3327c4c53b095c78ca9ccd093a81a521a3a3c6fff52cf742a4278a49f55f3ce,00ce3e1f8d1732a17b937a8b8f943d8b47d98880f74ee6af6deaac426a070ac9,e826c87f7b46d5071f80ad4903eb50160d8bf39dadd52ed1073a7d6d6cd03b25,9fdd8b27f256a8917f8cdab518976aa2510dc94c5408b5f7570835901d79b4e4,f3413bfdb8107118525f0dbee17eb3b2c56b12f214819f77d347bb4f1944f20d
0897d40edb8b6b585f38ca1a9866bd03cd70a5035cc0ec28f933d702f9a38a03,de0c244e9aef8904f14fc80692ce965f572e657136701ece575f5e54e890dcf3,329c0a055aab278e377ea2dfa3c56b6ef60cdfd5ec5f94b3e691d40d88e68de5,1c855dffdf5baef54dfc23ec69dfe17f8901d3047a7c5a112c62cddee67dc353,f41e3c8923655ada1e65787b42f5f729605115c446e5ad3b8afcc448f5167fec,89fa8273037605bd276bf7abdecc298e686ec0762ed7ceb33b880098a24b05b9,7a0da1e3f72abaf05e23f63579c717eef343c319d062f341d43ad43216395871,b87d9dd9fc4076e17c30d7113386ee56c30632a487f473e417a5affb5bcfdd55,aa0a75988a9ddcd4dbd234e33758cf1dc63e968a807960677ee46464e8f1dc05,a3b71aa77589f8975bb80b1bf8f48d6cb2b77ae6c565fcd41cecb033b3fa4a71,ce1992f22d01775e8a535f3ffbfa41fa089349184d8a0433f0ae8898a19f78ab
066d2664c58c6a7ff6fdbb0f37288b71da7d9d58ed941e9d6aacf591f899c14a,b834cb4d33e893bcba0b60386411d6054d76f0617b1dbcd571cf3e34632bf692,95e79c198ff66b12812a684a24bf2e6eaec7c07529bdd001af568d70390e0fb6,82218941f818f6e82f7d4904b0135bd6e0f782758d8784ce90ac57b95e0d1fe0,5215d7561daabb7f29afac1f3a86ceead23b6307f1df9e9bd8cf29236150088c,281f4f00a1df7faac5d6aa148fddbc6c9992b770c39f4c6d80aecbe2081daa54,a469733821c4d3f3e4b710b014f3d3004ec6ee0920b71f6a4d27756a3e8b7150,b6a54a760b56f2ed4e5b62ed493cd49c7b79787c757b8523bd6636dcacefb6fc,41749d6959f99633b0447079758630aed33e6fe7f6a08aa2dfbb42c757113132,4144e79ab1453fe94c53cd378db97b2b88c4564416ee0270926682b99cd446d7,a2929fd1344e3b25fea7b58a4885ce1ab157cfbd7c4a4c9b4d18ba7d0d3bb03d
0a1fa1cfc0503767dcbce7204219ec9a83e87a025cbafb1a78d77a8dec31ae55,29c27d4b354c97f577aa303812c12abc453c96bfa2a9bf870a26f83e60bfbd78,c80d2b4dc0da645f511c9882ed88f3226c5e039345b1cc50599d2daf20085a6b,7e002b98d5c4ba342e7890e92e48161e307bf33f3cc1b5bde97ced14544b31ba,78d9f0d2c6fb2dcc42aa7e34bb144b1793446524b4daeb1684cae199f985dbce,c072a8c162cd5968602779c7bde4bc043df37b09e481574c9cd2278daf4cf223,ec0a007c91f8b4adf29b5b471840b25921336914db00a35da4e9a55659dd5d76,ceb80c4211bf7e331501ade5a3020e15510e25eb981fe6f6100e686904041f2a,1672ca735526be565ced40120ee992034eac2de5bb9d4c907ccd6afd2a850722,42c564ee0c3cb0fabb1a29ad880dc15ba6cb43a3b458485ac92a2cd2be88f959,3ac99b854cee3662cd7df8f28fde2d6fbcda1bbc3f48777dbf189a35ca36025a
015b473e1d56054bed16899430ea95f9ac940a45ab0ec4888a119279667e7916,7edf9426da3d8e9d8f422f5bb098da37679e445810ea3adbf5a66d69beedf418,778978958dd85d6626e71d82e1aafab5282a8c5f75630a6a022e6cd771f75235,b3e5a37e0cdfa33a696330fa6bd0cf57db9a883e8a6e8ad14cdd24ca66fbfaa6,8d6e6b9770f2821b660f48caac2a1b3b4e54cf09f10b75b79b4a7ce877477fbc,d25cd8d3a4dc2e74cf9a1ee4dfaca1d70bf252c63116e81d1836ab4313c78b27,3d05af45a11a474623c0887b451b0e2abb4c89c3925e6a1aca9b668bd42fbaec,e06695095e0f005187aab8e37e52bc3637f9b5686d8fcb92c1d9e2e78f9a049b,35eaf4cb90046bfdf9c69680234e3f4989cf40bb49e7b0e2cea154701cdb44a1,1b4c103816ab59b358db4d21919bf119df2406c6042b4bf7c69d2190080d6b32,b5fd17f3c767abc4495abcc0dd75e738913fe4359b1cd570712633c901b4e6d4
082b49d324945d777f5a3d4d4de8c121ed7d98d333a6ca46b18b6a0cd5e0737c,e82c3b92644c69114c113921de3b4d36733e04df926edcddc75f28a3c4a2c45f,ca4aecb782896f89c2742d0809d764b05dca6c47c9e0f75731aab490ef20036e,0806f98544fa985456ae647c4cbe5e2c62524af2426f26a51612ea971bf3b262,c3c5fdb58b6dc4a2b72abef7ac2c0aff3a0e45768649c102a42194575ac5d39e,682351077312d030b1af24bd075d5665495ba57617ccf16125f71dee7d001ca9,b59eb2d6a1091d0d9946fa6d5ebade35b410f9054cdbe749541efad9a4266177,3e7f6032f1f410ad904ba5d6155067fad7c8867e2a6b646b2df274fdceea0881,90b5ff5771b105fd786a392badf86251670feec5a3715788b705dcc22dab83ff,4db3b4612b78fb6beb008eba50010615c9bd9854df9a50ae11ee512c10116bd2,63ec16118601aff9e541db7a29e2c2960958d82a2c2ae73003abc406b60a1a59
03544d6b1b6b6f1a8a1b7ea5b61f2c24731569e51a4428874b827213d810179e,75b338c802bdc9d916965b53d44923e6422ddf04fb43dfe468437c64abfa1f8b,b35c5960400fa66fe95657046098d97156770c50b4ee597dd3f193ff57eb7cbd,5be2d7949c618fc3aa097cc2ee3cbc3b114bc74a72685bca6a9653a1c9ba30ae,05b1257b73745b8c01e10d58a9de620a60f0039bf81c79355c963d1a457049eb,a53df3597a0cf4d7f006aad81ab4a175c4d0fdd585a8e4a61275db082b4c6be5,95b6c3de32408e481b4667d4858665ba26592a0014d197019651971cb985c42d,1bb3c8c5c9c9ef738a8dcb5e4cbd39595687895e9d9ba64379c7130b1c762e53,c65e8207086b60074e4863514155fc4c8898e5677abef8c6d32a6f39ccd593b9,e687eb954c966bc60d85cc60b02706ac3263bbb600067917cf8651bc66be2f45,9defedaf96e19b16a3f959401883e9548c971adcecc01965e3415e6e5b3f741f
05417cae28f2107ba3e633b237bccb29e2521d276d1366f64ae82a649127d4ff,2213367e3c89565cd03f32ae85798e178a1035b563cf527c55b109fcb9cef717,73e5f3ab9ba3ed8bf6f0b51ae0aee12870171f7837af18a566cec093979c82fa,f5df8efd6bbbc761014a6c62efda179e46a6db6140979ea4b577be481cfc2c62,fbf40dc1f43509e4f794e0fdc698ac8d41c093c4205a2a3f5e755050d8e3b64e,6650fa01f8b7bdb696692f88d803b77bda32c38903973b78c5195257a3714df0,224d30527dfaf76c9b869728ad3ede1712867d26189e25038862c5389ae51a41,4e6d6eccc0ac298d03ae148c9ed592abad91bdf605efe91084fac19ebb8f8f53,15ba6b22a80087d54c069dfe6b1079287bbcbba4d9c4f6a0e688b01a94c2aaae,52dd2683b0eeb1916ea234677f29e6f6a74a690e8639f35c6a78833cbc902377,73a7ed969f3c6958e64513f63993a7b5ff79adbbfa5b000218b162f235b8bc8e
00d878739873b7ef94786acbd3fa334f3c038e1b0370e2428cb476d836fb9b2c,6189ab1960ab868a1ff57c414254c70bdb1790593603e899972dee07b8880fb9,94de79516897fb8a897833540ea9477ff5e6318b3aa33c6a8faa3f06a1fa9679,43ab787c6e2c60350a6f84eb075d6f9af6a3fe1e23dc3cdf47693bde6835cf8b,aca6b014f9cc6e882e36a04b1106a08fea0b7d7ed0603088484e7456cb42de9d,3c8c038ee6c204b734f341e1913da2b6a62711876e61c83c0a0a6c17df9e0878,105102e50d3f2bc41f5e95851e4b8b7bfb405f5806e94387e0b8ca66a905663e,cd3bf356aa444523abb86ae152ba0f3b645d0cae31f2ad1c94cf7a3b56053ca5,4089b27c9f93ed5a7fcfc99955293f20e320b3377e46bd4929ae71148a0be9e5,b358d153ec9e16571821740e6a117d4315836056106e63cdc790f3b4ae644ab9,d73c09bf1cb2c8c5dbf67ef3b3efdf5641de6e10678db150ec6ea7fd4af79ebd
0563f069cda9e3ace689ae533ed2e61dbbe1f8d578ed41d39148998fe8522fd2,fbbc6ec74c59ca5fbc1f5e74aaba12ac4bc0c6eaca31c081abd64154d028bff9,15ff3fd6862ae810b14a00af4aaa0f906ab88602ad54f1184743ebe571b75ef4,bef2ece6cb81855f1d56db58e4250b878a242637c117e7764a32d6a924d06aa7,f146659d71cc5270fd5a143dfef94c300c3bdbb5f52b3c521ddb6a6cd9778112,7bba9cf91f60525f694a762bf49e5413ac550a492514f6a1a19a570910a42521,45a2b09c838926bcea48272a9c31f30f3908145dbf029dfc157ad2e18e9893b8,ce49cc006f07004fc3eb3e10ba39c3367b46a65190059f19dcc386d207593ada,3a370cecb73b0d391977f34b0a59933a57c036afda699e6df4ee0ea3d5479670,7626dac91e4b525127a191d2015b8eaccd310dd94aba7ab60f0e8c704ffdef26,c7c39165fd6fa871f464356f383d77c7eab7506deaf6a8e6c12a7d0c8540f742
069994ad7d0e567bac66b884bf3131ad3a01875844cb72eb7a71368e7dd7e85e,7f77a153aecbd320151724c7ece8aa7c351e7cea07d867ab9710bc0ecb088c55,889251bdc63fac0034156f7d5a67b24bc831fb0ae5a15e831d8bb24c166f796f,189b88003ba18b040c360b2b5647b61e41a132f2daf7e65cd7ff68e8d5d2026a,a842187f4238528e07b55bf2a4862541795a1dae40b6642271e5d0b8b318732c,3f014da28abfe1811e9187edf8cb7e7c668486d0a72b22fdfece4de5eae3c2b3,1173a4faf844e6ed8eaa4e29978943a0dffcb5004a1144a0f22c6530f978cefb,c0940fc37ce76fe0cd0af1629dcbeed53d281e6cf2ff279706a1c477ac8f5898,ddfd728c4f94267871ac3d6b51dac3a973eed5145c12fa47609ca6143f1bdca1,6233037cb631a4ab0162b2a3cac9b2c3cfac59c6c24de8e25c3922c263166daa,4a52248581cf8171a458bae4c7922cf6cbc8268a490f75e985eebf1db1b156a0
01d43b04a6de61e63c4670e9f0774720343aea100bb6361c9f17b36d8d12d901,2816f59a432406fdaba8ca64c4d683ad7e4a5ec0bbd631e862c46700048a8b76,8218b4c8552e23584e90279212788b8c838e8a10584b9da1c7bcd00f1c479b85,fc55532a0a50c5d8881139c9a47f15c5f205f6667ff911e393a75668bc6ce2e5,50e1176b28d0eee81c7a981494b864d2639a49eee08dc0f2056dbce1ca53df48,f538dbee1633abfe247bcc51d144fe0e76e075423bb67489cc75d9018180d3d1,e9147fe9c6a81a5483a3979968d6206a23a45db87dccb807a8dcf09e576a68c1,f563698c07c1827fc40f7994a53a20a9d1bec75c01379124b4b36f01dfbc2b9f,bccfbc0dc4cdd2fa8af198754fd96d02b2714aae2e4c5b06ac0e30c9fe94149a,800e8bc39f53f7d9332c62efaf2d431accdb9f975008537ccf60339862c6e9b2,8418dfc496a6d94a55411eae691447cdd6913feda6d483088bdd2fd0aef8f9d8
057be424bd9953e4e247352f21da216fc22ed7d00b1806f11c70779ea6a6b203,dcb3d2645fd5787aba99119326721441e6d5bda7bb3bc938ee78abe1ccc2a2b8,bec3ee9943e2dec84209a6168f18787061fd97f740cd92d2dad823f926c44b43,c83f800221c5629a1ce9cd4f0122cf0f92d5c4f43857eba8c69008c30f78729e,929cfce57710b6ce038deae1dda19d5ef1bda95146d47b5613f1541d9f3fddbb,a4e3160945ea8ebbcaecddee6da48ab09da38fb67c3b8466ed61b0ce112545ad,123186691f2339013c6d44c4fd2212e2ef902ed0652bd9e7d8b9270c8e893c9f,e6b5bb7dc3bb1f19e2e4bab8d8f37a1917d114d42e0a94ed244f89992f02929e,24ace36a9385eb893671a85bfc37dbd3a190b450826054a5929d93595db54f13,df5d2d93e43d6c87e8e18c8ced6c0116e049227c2ba4ad2214feba004578178f,a93c1f6c15053bf893d6144aa59c528271ad0e2f2a32050fdde0f63b629e2468
02dd1102328e9f21bc9f9986a6cdf3c725293c69f790a9841b531d615e2ff413,6bfd6df87cae920cfea0901d02af3cc7338468966a2b00641467f3ac1e0b8128,6731c79a1b71790a122a42cbd03123f33818657d17be7efbfeb672d134666890,1661d82518a731b7fdf95d8682d121e81a2652c18f5c7dec33deac333a42ff0e,af199b5f95981de455c72aa2fe16cd4deb86a6a76e7aba470c36c974747cb37d,e4d4dd185743c633c996140ca78513a4e72953648d11b8123058ef5751b69c42,cc61eb91c39d49a378d3c4a722d78f6664bd0fb46db0bf0c6ca68b3943be08d2,74d602c03128ab873992e007e4a223ce36e1a54bc07520162eb8d30d6c19a29f,b087990305363a9e0e2d22520e63f6f47b4813abf9a900da54ec7c7f71ae59ff,83bcbf9b13b07fea43d3371083b4eb604e2b1192a45b88f4a2b633803cd399b4,f3317eb00c4a30bc42962a55758c20b7b90731fad0faae1536a3994670d9fd1d
0a29771ae7a72d272ae3cc322ba26bb6e5a4f3fff93bb1095ec380941315fc5a,4501f55e3d772394253f16d0f22f0a7608861e9d80eb387d912c94007dd61e91,3ffb1b076a2c861729dd7902e2584d81fd0de51f484553b4efa58e26804fb0ba,0eb31d708e8f0cc4a50498442fe3df0da148e7e5f7918e9908fd4d3cb9101f47,ffa12d72ca4fa4aa9c86acb2069fa29e97ae34d4c97edd5aa02164d06564fc59,fc8754f911f4661812aa8f37e334dcbd7accfd932de46b2e9228014fd811b94d,8f1e912c0c4a08af5d0bbef61d16f7be160332298a52586ea707c203de106880,e56d688b69044920f4435bfeb6c2f17eccbf11d0e3f59f3ab9103da9829956d5,7e319822f295a679ed3d80c864bd1a613edac89fdc6292eba72bc3b6d733e0d5,ba0f251bd2d2e58ce94ced214a20d0b8df9eaa68a76c57a2a2dd83dbcc49cc11,359c3634baaff7b9a1b1366938e70224ec1d7e0a68ead04f1548d03adde566f4
051570cf064d78278b21b1acd744b235db637c78e8c41fe778f0184b385049a8,eb94357f379ade343c1d68e77830d24be1788a8c2bf0d139dea1da37d8d94ac0,b0e7286fca29161f1862ba08028083a5e688026fd6a3a0945819cc478d4d0a15,402228d3d341f51a49f5ca15a76adcd2e34a6061aa2b8ee161625409bc7e23aa,434ab922b39d5f69a3871b8d54f543cd57056f69f237905e6699c78fc3cc87b8,233c0bf10a0e9bcf89ac51937115cf95ecda773296ac9352ab42763a09616cb6,147e88e622dd1a34394d40881ecc34b3b15dab1fb9f099eccba719284e632b16,bf8c79f57082939281679e3b891e8ecd181e3cd79c45804c18dc1fa2abc24c3f,3f628e1f23e2435938a1cbe26f1c11305f3a0b9411c193c4e0c0e4366c3eb393,7380935314c2795c387b5421d3906b435bb5a97c2031fb77c6f627a8cb8a0e62,b6e77f8a358f04f125848de6054f410aee1c184180443fe99817f9585e0b1173
008cd5abdf32debe0be75b66bf0bcde08c96e62cf77b4fc857ad0b201fcab808,324c23627c870591c6e60a1f05846fb7eabeac380b6591b2e0d67129d6f339ae,0168e6fc1d59f929ff5edd79d6cb3665ddbbbbc7e812e1bb25920b773db362a8,a1f837b4d8ab35c7fcb047355b6d61cdba641fe7a811b609597827e8ac68936d,384a1afe8c4e93a557442443ed52558e1fcbe884e397bb831a1011852ed63548,dc006672f770052bfdd7bbc6390e560d98cf44509ae2aeddbb8608705dcfeaca,bd19f9ffade47c2a34e8c29195dbe95723cd9cb939e92f3ddeb3d64b8694ee22,af3a587a2fe0298fcdd5a8e3da9da9d9cb6db2a31a61fbb353377dfeea2022b3,8febc7a818b8925c4f7a148eb9dfd5ac5ce0abc379372840011d8a00a2cae18c,6eee226d19bbc58a936248e4651c4801b9cf296bca9e95f953ebab214b0b9511,424d74a07116624a9364c15c28a497b1262fb71a2dbc5d62693cf54b8e46e82e
0ab2646c27ee694a24482f029ec30bc621194c2250029456f524a359bb8a521b,00f587baea8fcdfb721dd63adc2d63d23f694ffc3dadad30e6be7f13a7e3e48d,5463a4e4db6180c2dfef201fd174b3dc48e57919d90c741444104b28b87311ac,3b341fabca59ae8357d900844366feb994ceeb061691139fce48e159392557d3,a6ef58b6add704df7349eadce77af8dcd03679417f8ca36473989a084e5fc5f2,8962ea983b7d1f42ad49b0af4dd75fc3572926b0e9e6fa7c2b66dba29acbc615,7f2e606b6a8966d2c48fa8235b5bde82ad0c22a46263801385d440f2dda4232f,2956fa1c9c8627911dd16a3569410d1a6ef646d544391b92312eb9e97ac1b6e6,2e79b9c98f92551a613661abffbb783a5381802901716869677223f5082a3536,69a3c2946d762de40fac6a9f99072c54d6b0bd7914d9333197174bdae3a65f51,c45ad2eac0916549edb03e1f2280b2d8bb660006e5c18237274597c6b28277cc
01b874ce0c0c73efd6e493c099b0b2e58f1ae3ccbc77dc9aecfccafc7c331ea4,4bbb4eb4925f89ed781e485ea9a22f5bf4e92763bab787d0d6217c39c7f9cc44,e14a6c2d7f9b5ac367d94f6093416dca926c637fdda92e9b05f232274b084c77,777e894470fc13a08029f5a4ed18098e0901116e6847b1aa585f032f14722de9,83c415a99dbb7ec7dffdc527b35c9547a60d3fe96b8ed4246004236cf11c07bc,216fe1237a891bb777a2ac886f26250eccdd245e654b4d0507a1974eb84d118d,ab1b5c15df2345e83eedb639d7ef6f0724809d3a54a9da22229825cd0cc2c297,2f2934869add5e4a2229c3afe8a19bf30058859aa339fa36a1d1ec8f56a4b7d5,ddb44fb217a3835c48fe7ecbb15c99ad58505f734ed8cb0d0cf2fe9b70dfb250,ac45d6aa91e2c83a54a88483f7c7547da96ded0273336a076cf8d463053f7da4,51d662b7043c421a26d82d15812eb64bc94f5616a56217c8d2baf4d7874e6a92
07aaa85acf724e1d3ea5c0149421a621688f514a041c74e5ca4636d5b2d934f6,b1f843c0b36f3a9411f3740e6d4a4a2f6b0b074fb94f8b4bae821cc21ab437e2,64e82f2e963fa0b844ec00b8a3e91ebeec0fc05c44ff22d56da572f960eb5b2a,ee46b2c277bba9279d83ebfd75071cb11b6f076a065b811f3fe6480560757c61,48d62824e5d494a8909bc898a13223210bbdd4093fa40f55e4adae697335f098,157463e334baeb379a7f2cbb34224702ebce4b6207783362cac40c6e021a5c83,2488ef9abb33f917c1f003f33da941571d39179687e069e2ce22f60bc3286539,f18018c46f458b37b391d7eb512c1d432a5ac6453c67c38906011fc68ef0df07,8ec24de2c5ca67bb107159c9745092f32f1522b24dcbed087d11bd15962afc0e,371718ddfb388621b69fbbbead4ac607d987126a4552cf066cf08c203380c8fa,babadb075db57d301ac596278a2d521bae1612133074bdf73a40805a0aa2bdf5
0af91a0fde53b6821c49e4219974a3b4cc0b488d551a9a93b4f991885cacd710,8fb3f7a01e051e6186489df05d96790595eb12f324d31c17287e3c6c54dea7f5,1cbf31a3c28fb2f86927d982a98c5527d25c0bfb83609059795f275477de93ed,374302655bab818f48d89ce83f9c708089699195687ad9bef47bdd6c94515329,87359bbcd0d980ed05e36f6f71ce7b7b715a07ee228d5be7376855a267c6c288,dac9aafedfa0dad286a273c996786f9d651c235109d8248688a72911822a6757,a951b2f4b5b4721cc7733dbad509ca5367e794e37f3e2b71926b04a8d57ca6c1,848f05f6321622c8429c01f6c194f2953777dd9ac6800c6a9673a5ca291f4a32,3e20fc8781596ca2c6d27b234d8066e34d19a0e3053e687f42da37bd944185e7,3a263cf858367e710c53441e836e83b2b002bb91df45a77c4d0a027e6691e0c2,3657b4991c27bf756d62148a8b7631dc0a973f224384e9233dcb42110e5daf63
0d99fcef20eedd56c2a4ff1ec1e29d99063e285996e50529b7ca2df1a03a9b5d,21f42e76211e42ef642a280e7bbc537b72fe8e18ea98d1d19618f482fc394fec,f4be936e2a47b5881acf2161dbfc81e75bfda211cc0d329c0d7dae802b73b83e,be2c85cd261ac400bcadac8311ef11210e5fe063bf17534de564b7ccd91d2c62,0f65a9ac2eb064c525f9b82e5fe2b74014c580ffd50bb962ef970f67ab55b5f3,7800a0f4ab8f3aad75348906d1357c1bf88052238982dbb3ebb864af23e02df9,a09a5b502a793106a0633b7d752d7f5a4cedeca0238b140849fa1aa7ba4b7685,af41b00529446492c3689718bd8a5f60833f14ca2482113a0a77e3e5f4f5a25d,182f23831e179f92626f27b49b37695eb37c134865128624d471f109dbca9b4e,083a8bbb6aad3fa394f230a9b2eaab48882ab711bb1e4880e1e40613ad776388,851334f1e6d6ae0a311fd1c4c6e11ee687707f2b0189878b9a9ea655e523dbd6
0da7a0e2977c6487204664903d37e3f11fc50bc8f2aa20f1adaac9db7ab194b7,9de0b6ed07d7983b32ba4a9e011c01f17adf40dfc4ce95cd834d1c42849a8d6a,783e340a1efb012f7a74c0eb2f763562d6ecd22a062300288ee3a7179f160ad2,bb640a6b37696a1a4a4ba2e6b8f9de2b67416db4c8ba28bd5fd1c8a5c06795d8,fc441514dfb4516224650818de0ef108b18a2042e4cd8407082631a0f5828de5,af7a8911397646bac7cda2baa83792dbd5b05eccb2345def248b8ae77c536d95,bca3cc7bec4af124e40569ce67317d23280d3a255c7849427766da70588c9e3f,963b60634e1494dd4a85372b823c492ddcf916b5161c537e26f2afd82f78fc21,40d7f31c82c7d5a619a062641270bb8ab0411e86fd1de9519531ae88e648a1f8,b6668a0f02fd8fdb6655e418b7930349f2cb8feac74b3034eb8b81400c0397a5,044e1a29307125290e4fe389e1967824d2bb24a8427d1f6e7841cddbc06cb478
04e6ad1d6c94f9d78bb4d0f181f7315b475aad5e31bac089a95620219028c143,a87414579d3862f37afd3e504e5d5c98086cf2921c8bb65827c105ea49d3fe25,5772f0b17aafdee322dba2567b9bba6aadbc7a6cd99d454513e2d57ef389e23e,31ae0b48d3b8acf104eac10715a3befd20760b4edd91f1edbbfd423a63981828,3f817b0c75169914d01aed567886ccf31d68b48b16f81cfb56ccffdebd17f1b7,6270ee6883fbd0f121fd08696cfdf43d2f2e613d219c0eb947b3323ca014b8b4,a018ce0834333855093b52ecbaa2ba885535d65db58b9b5ed306086fa20a2147,86bfd7814e0f7c9bf6850fce665d80b84f4d534681c01b09c17d7c57b9ddbe40,71180561f319d1127adb5bcfb2e7227f2a292023425162e908fcb538e296c614,d8571351ea481d499444e15e586ffec0fb334ed271991a7cccefabf796af9197,f894098a675ea4fdbfc8dcdd269cb3a5dc3dc46f6c976b1698e233097148e50f
01dc16e92d11e8d79bbc1947ad124f4a30d6c1d8ff84f033115a3e62fdfc53d2,fcfa9f91b19186faae1b74a7e99beded62aae8ebd8f6dfe1f963f3dbb63f4253,3eefd6d35b7d3e3079ca573c70851dc1f11750e48fa25e1a526689cf04d0d4e2,a60b8b4c16be901ac3191e89e5aa9e845f09b2da933f57269ea63ddb2164be53,659d0183b18e24b734a43a3ea58c4d8cb80d83b15e4a249924ea0e209670e15b,a956e5f960c5b45ddad70d11ca52fd8283264781ed5133252c8be5709ece8878,60eee3d92960e7f502772b5603b9c1d80c6fae004d8b2a2c182791ecf4c1f0a6,6dadbf5aa2afd12b2c9cddc5a4751abd8deabaf652709d9a5dde73a97d53d422,e408278293994919527dca4e3d03b8b6b0953f6f3c05590c1047fb2a67e2de56,96ff9edfb29d86400d7c4506b4cf64434569fd02f5d5132f6c786d4f5b9d761c,0b3be526dede11eea359855509a209af948defe4e4cf99e85115aa8426c57690
045eb355093cad04bbbeb8fe1d704580cfe73db1aaa043d4bddf2eaef53c314c,a91c217f8959a49092567436e63e0f2a0af275af1b0a5c69c6fb21c8378ee80a,044065473fb47d234812bf07ecf0af2312cdfd716bd75249c6425463f70f2abe,cfc44b339f600efcf674a4d04a25bcbddaf41f61a8e667dc3548255cf80490b9,0b3278a3b81547036aa98b1e98d9e54f1070ddfc08f1cb53a19a4e4b01948087,f340f2d3250a78de76199fd3f08059aa88c263abd1b880caa71a86f3e81935d8,a3f66ebf214c208d37c1e09e32aa7598b0be2b37d4cda4cf09cdadd6ad8d06da,ef17ba3f45af53dccfe3e40c911e3bc5fe56d62ca777ca0ce56cde67fab1d06b,2d4142cb433ea736eeff6a8296a089ce4c1645109ddefdace67404e8107defb4,6c215616b97cbfba0c6ad6cc5ca38f5a6fc67be71e30af82560674fbf3a51cac,707148542d1c43fc5e62d7dd78f04eea2d2151edca83b250111e88a8b53187f2
0549cfcc0e0360559030ccd729d5a8c32f4a1ee8f8a2a1a97db943e47408a53c,28b9c4bfcae1374df21ced27f491e79d3cbaa24c5ac85f29466b947b7e186796,cb0d23ad55b22fce12814bb9d5467fa8b09c82acb90a92d166a6393209002e82,570f968922fd60ea2b198c4cdb631929f4325b5c1c5efb67a607ee8624ea39cf,070b120bdbb440bc231238afc2f44c37a2bc3176902a24559f0d8d4469ea917b,f40bc51f1d7784ccd13744a269a7dc0c5125a67145db8890555e864f72d529c1,24d1ad0f41a2beac10e839f41be4e993d479379dac7779fa07a9dc91a6988716,2470c2e6a6aef0d90744c574a96c000b3c94f86481dba7e9587f8b629c69405f,eaa7c9d8b119f3eac5be8e9cbe580c79bdc88b0ac5b8629d4da79d5c85c1039a,efdc42c9a3b0097c22bd0fbd3d57bc3023dcc0fabb0268116149bc3970ebe483,33b9dc2a488fe123e3a73eafab7f4c80e091d3335952d72b51b702c6788d8954
06457902965e95183211fa5e36aa8b6d860ba51891d666fcccaf52810db03428,b4ee6e009e973bba2187d477231d3ccb12f63c9e8f89242cdd72dcb785a06bc6,d3493c59bccf0f1bd8c79b2936e396c79e98ee9a3d64aba0059db51f6c1937a9,eb1a04d8a1922ec56ff23c3c317719257063c0cc379615b7cd55c015db8401a8,e4ccf159a169495ad1a0901ec96296830d8674c395ad10a26b59d35f2344e6ae,d7422e5215e6c18be76f3697dac22f0d81bf539c2da956d9aaf2b0c9315db2a0,d2caa1db02ff39cdc6d7206cd0ddc6be62f5901bf3e9348ac2d6fb717ad88fd4,c6aa9b0446b42c0fae2c26fd68f2d4007579247587930f765e68535ed73e9d8f,9cdd4f390d61ed9ec725b3e0617f15a7d0f1c0c3cf0ea3bba3503410be7017eb,ec751c4cd9944765df7a58d92baca490454a454196ec7dd50d5dc4ca46080f97,644ef82de6b1c6c02b33840359a138614d5e9ead4967c140862281523c837298
0594441a4f7bbe2510fe8f280666b5ec87d9e6e369665171e2edf738cf234a43,e583aa97937077eb2b55250f0bf14d24402aa45ff00bf4a947c39121e6c75e6a,e316ff91eb5a8107ec070f61eb78875c6a2c943b30bdd52f767d358d6d3f6322,01e9994284a425e41e8008b92092aea0bbf4a44b10b53e8257a2acd235c8906c,cf6da95c8da1000e1f22f572edd0eb94b053c1758cfae45164079d881f71cc63,f430f5f9fa72dc68aa8e5db6f86f31d77662b5d922c7ce39947f2105852acd93,020980f6c3d43f47b013ea7ec34c6db2263860f8b7f34d136cc9db85d51e7f32,b6db643c61fa6b576910989b9a1bbf15a516dcd142c9bf29e4321ce09356ff4d,0a3f9a9cbcc3dbe0cc437cff94c54637728bbab393ae68e365af98598f77ec02,1a8fad9b6544ee14c5c12a6f2369f04cc6c4557e06cb67ed5ffc925ff7aee3f8,ef47ea0ac22230ac99c17894413651b0429b28d632842ec67680e70ce150cdc5
060835d0e128498404e23e029ee63a6dd2da8dd3458dd6e4998b6bc21d23d583,503d2914a48e0210ee7aad1c8c87ca106cfdd4ccf955f22e9418da23a09e84a8,2ec648271f0a072b50ce6375ca633e63d6848bd8b3db1f988dd40cdf07072719,67bfec9d7513c3a511ddcfdf1e2574a005d9a8d7a08652fba0e026df749e18e6,2c07fc7698abe511b871421a2637037a9115d671976832cbbda080fc4d778b35,f269dd7719935bd23fdcd8ec77009417f9cfa4970e227497f58bbb4796b46a77,1867b556563bf416640a496385dc5355417f759bf8b1277c0aa945c942a7af12,89d2f28b7d7fb2146d7d1386f26e914b327a75b307c47e083d3b51a711effc77,cdf1083562526345cc78855ebe6f4b3d3b330ab8c1d502caa95a4eabefcf82e9,97eb5791e502eae0a9eeaca722e8a43658aab70cd1f4bc9c621a459d02af4cc3,fcdf78504414886dcf11edb7a25098fcc3b8bd5f7e6aaacf61253373f2ac97ea
0b24921c9648d712d4b53d4f575db7ab448c92a40ae2cc23e31176893890bbbf,879e522286116dfbef9935da7d6212b53270149e2231b455b579d3a884105460,a0de9944df919654770c017ae2df5b00a6b3ddd26dac3a70837d8aaf204ce810,4e6e1630d3bdf34beb0be758ae0eacfbc551760a7f8a521a9f2d6345a41afa8c,0c547bb9f4290dd80eca89a0d34bce17111b7daaaf0f8be1690873422f15c861,3a5bb2deec205366a4f767f29ce430d0265dfa05fa07a5bd06149a05cd0fe9fb,0af6cab8bac4c2d05e8c0aa63d25b1bfb19064207b95fdfe6828e65c5f46a2c7,8ec8386d96f4b09693573bb6809b2e28d01ea5390cf73dd4cb1b937ccb723926,70517d728e9e87872ea17587df9634e2337a015a90f6dd1250b2e05b4bb29bdd,7acda52c39a9c8459ca911c925b735a7f98a71bddf95d0c58f7e6b291cd481fe,ea5bdcc8f6d341f45f00b948026edffb75d94c899173382ba60c8f89c619217d
0adb2081f0bf4d287578bb1030520fc7142c3fbf05b04620a0ee9a70637145b4,9a2345f0281817f2581c03ca7e8fc467536b1ffe7875bbb9150676d5fee38eab,9cc98ed5c64ef9c88728e4f748007ca8c9c2d79120d3f12f1a0f597969d5c183,b76263b1a59218c8460c43037469bd4e5514472ac9e9750b7f8def022f45726b,bf4b8c34f01d1d085471c1a90a9966630eb30755efbe4bc4b73364ef9744fcdb,f255b34c5f998548d0a1a49ed09ecee0d6e3ed6346233cfe20354ca77023c8a8,50e123cbbfdbd06ad2f88889eb98fd8dd768da477c9789ef59caa1008f63e2ff,29d997399d0c6ec1090b2fbd965ef417cffca9fde35e056371fb8ffb1088c754,720623f0ff0841bb107e4c1e7573f83ec7a26eb22eba6dff518a60bb4ac94a50,804831b0b1e984e1312b7ba1504a151bcc4b7c995a6f5bc8850f12db591e2f7e,8bb337376ea368269efb020bd9136d5244120a2025c6101a7c0f96e0b1c9ab74
0c5f6f74735692fce876d86c95d36c74df88eec9647853590ee8ec9b1fabfce1,a88c6d541e2faab9d1ef7eb92c4b88889656ea66f5fad758d363218139b5a505,510d273d2cbb228ec1ecfdb4ae3bd33a933d8d8e36f7e4c0f8f135d3293ba06d,a644cdfd5db2bebd0ac37006dab449bc1594340759721e521b8276051f840525,871e6e580ab6511b493ba05ff2cbde6515bcef4be1e3788e304b11c891d70e99,98ad9f320d6f756b7c864adbc86facc4d634334834b16689f51b7cd521506975,8bc804fce35657c5176bd2d8f905973ff5d0842627379dcbf2c8aa5ac332cfc6,ae1f9d3e521a02aba6cca3ea1d726f7a92a3359b9d87f2666f8a6172a99444a2,69b279d91bd9ca0e7d0a905b724104d934a838f4c6012ba8e77d35840b2eba96,82e9defad45d7657c0b64de912fcd3d46189c8d1e744eba8a710697c5c30c7f5,6ae010115cb1033aa18899145dd53c33638873f4f0f183bb1d3cdd1d8fbeba53
0cf3a602622a7ce9ca8aba20923342ad510e3151cb31b4c593f1725dec840749,dc60e2389aa546af4f0bf70e5ffdb3fb4a885a3944d3313585574f87fefaaf47,fbc6575acccdf8e22f79c3ad9f5beac8224131cc6a7eaa3f1c5a0e154a3692bd,e8775916c5b52224e3297ba321e52b575b503e98d306932d79d1a12cb0ac34c4,0fbfb02c98c9d5da3bc90563019e3e30b91f658aced81fa3dec941ba4b2ab863,6b1ac98e7f22eee01acd2c24fd733ccf6c3afaf7f0ee5f8e45fdc7289fdc2d8b,b0f4414034532d082b69cc2e727d06988e6fd2b344087773f55e5980ba218682,8b037c516f83e6cde79df87782a72badbfeb09e8d95181e7ba51a22793c35dc6,c65d220ea386e55c7123553f4f4ba2907ebde9b66086bb0abf9eec4aee73b7fd,a0be4b6a732938a393b858dd8fa8a59978d0873c79b59f2bf8ee43935e6f6045,b84250b50e7f417389f8593425316b4f79e9f8002b7c82c0bf6ce7c2a0bcf13e
0cb22e569f7c1b4fd3cf7d9b2b24bae6cb1d901ab49fa100d0aee002b680579b,c83c7a92495921c9e7d0d28d98db16c6cb46c3141ecb6eded2d9cfe97411c6b3,5ef372d413cd6af739ab949985679590017e39bd323577c21d124e275894c5d0,4c95a20a5f81dfa5afdc634d7ae3e8a8e7a96db1fcefbfda1f594952d5b53814,3bb0953f0e1f962d814c4dfbf7d724f7b7f5c52f6279695fa2183b24a94fa5de,37b409f98fd78170531dbc7644c212f9b3c34343cd37d1cfbeda1ce2d403b721,36cbd4a7a04215426cada0c355c24ed33e70737fa576b5c97c2bb15eabceebdd,b8dcfce0d071d480240f8684922df161cf3a584b8cd3d8594984486adb4bef45,97bd916466a95f7a8b125b33a25b33bd70b0b04d41459a525e998cfc9fb86a3f,6a32ff6506f1e4b60e538c2f5d7a9838a8ece754eaba5d096e0f87b4be746a5b,8bd7712ea7eedbd23cf11736f337646c3ba8f62ccfa66c87e65c6abdbdb3f560
0d01a91424529b3fdb6f0d27974218f2110e021e3821a384bc2ff5fcce66d1d5,ec85b2fc8427584cf34786b4a821e690f4c07d3399ca0db2ce3a5810a9b1f6f4,f5de0e32d5ec806cf7328354e70ded371031e87a16a6681ce80281f176a08a48,bda3058939406b46be7fed89cfef77139fcf029931ea750f9d010eee1291b9cb,e03d4b3478e1ec42e50cbfe11a3357d15b75e097c430db9f35e4c6c19cb5135a,f0375be22564bdea53345b476027fdb53f952abccd8a899ad7270b1b604eb278,42717bd4224fe83ed48603d19ffa5a8d481fbd645f65f960be1bb3703baa3ca0,6f7b99c6485d826dd5b1d5049d67d935f06f5cd021d99c4597ebcbdfbb8d5a61,240032560bd73b1ba212b318353331a690c914355147f22fbba23d5ba147b43a,3c1f9e591d97b4c14a7e71fbf25d77f490fb9eb1cede56b4efbd2f19db61042b,388e22c07e89dfa04eae1d4a2ee4b5829c7bec9b658ce78661875390f9c43b5b
0d479abe853fcdc8bdb07023f13df79922fcea78b960391ec2a0c1722c2a4ac5,f72c90dc3c53c72a0ddf2d363a0739288de95003c6248df7d0d4cf561c2bf7e6,432d4f192fc1b208c92c6dfabe6c2c59f23fb2955beb527ed7271c4872de68d4,3731d41e6679acdf354cc7f128699d5b32c297ededd90360b694f24472347294,fffcb35e09af2e42e02423386f4d49072780ecc9cc95a3a151dd0e516ebce2e3,f33a4c50e3e3d51f8d3bd51235a665f174d9451212a7b37f7451641e8eea3a6f,d1517c446874a74d15b45f88ff2066035aa1c18788236d1fb4971a9cad09ba64,1549a43e70ae2446978835984da579a1ca39d91b26d3c3678208f55667687408,70cbd3683080ca2eb484d7425d8ee78282b261a0fe5abbd8c4092e19372563cf,477c58117a52fe6354c88f31a74f00d58b0b5fe1d8440896898dcaed8bdf83c0,33103ddf9cda4b951f6137c8c844fa71d7491ff6f0c079ea253502c0b552f075
0c21a56cdbe8703a79874b411975a921a82afbaf28ed4cce62ca2e026a4b14ed,56f0edfe0d2674573aa9efb4723a40667059127764c9ee83534e16460bf17788,fd66d499de2dddcf77df827c6e9fbd86b0fa5ada22b4cbbbd07db4b758c58207,b1b2715d8d11f85f5594e95a23d87dcdf54b6132abda203963b691609862fb39,ea242618a2e7a49faa0e09b3b20de356f66098689cdeb6f4d893b956221b1458,21c2d5c23dee66f08ce29643a6dfa53ac136d7b8fe3910e8a9f0078bea6f52fd,604454dc422e60d418a93446373654ac944cd80fd326e16e6e7011eb3bb28703,c4c60616550b2df22d418fc67723d3fb5f773f7bea48a6d866b2d19bf31ca1a4,b6626f5f4ba0c3447c8db0fc4d0664dd5dff8a889ce45dbe3351244d11a8f68b,448259013cf1b7e756c5b3edea8ebde0b6accdf5b4f84811f821dee61815ad0b,680ac3ba1a50132b38451435057a4a1f0144c02c46cb3e624b0cd31864259e06
0c2f5f9e5fb6b745bac3a5bccb56eae99357d14de0121da269dfd55b94a47c43,56223e927d7c516365b37a7a6dae13c42e8b9fbde6500aa0ba032f752bbcd085,6633f7a40d32ba4dedb5b02ebdf30f69ea388535d767e45b67371130c9021d25,ce9740cb1f01e9abf0956a2ee215ced9ab19aa105608d32c594eb797b42e943f,177e9ac07afaffec006bcacb082243df66e498811504f9e32cabf3bce230d5ad,6b72adcbde4eb08195d5f38dbc2a8cb5e8e759b2a5c928909bb6dd085f72dc1d,6de92af68d21a4cba0ab7307f58c4b0aa9c4ae575bb9a746da25e9081a5a5242,c6326455ce4759f828a92576772800f21c2b530184d11ed90aad725ccdfed778,c51508c6d4c14caacf67ef9eae8bd4b9e95378d1bbbcd5c44c388529428b4985,16fbe655d6de138b68f2331f0e565668dd32c9a653db1870146e72fe31861032,2e3fc2a00c279f7ac33d0e23697ebf07ac98b126bdc4263f303d5e4d011f349e
0038e748ed767940b370a67cb4335585870baa066188169faaa71cfb9e413d4f,cdc3e6c188bdc63d88bf133a30ce993998ad0164fc78d84ef8b10800008f1410,b9942af826b69bc69214f27c60ce231279d9598a6ad723d168cc8673da42d3b0,4310d14c122d45d2b562f3835ac9be97e463896b9cf6ebfd6922743f7c9fc681,3d95901aae676b0eabe5ba81177c3b6abb887328602c4fc094c510310ebfb8f3,6a5e5ce4cbe9b1d3eaa44b50c97209e690f43eae19f277c92b54eba4a3b10945,d6cd0b01c0b8ae0d2e68d58cac252ed5a57d331de2008d476fd63ad6cf56a984,cd7b45018fb92fcd85307f2e624ab8563f3d85fbf3c7bcf3e360f66c132580c5,ff0951a003d8a0f5d02450c404b4833fa2c7800f44c6be2ab6f59c370ab5815f,e09af41179c1c74ecebc00d2f90d975165a42e8d87fa231c83904c353cabd9ff,ee35365941a03c32b75c8b31fd2c60b36373dc324b4f9e866959b563625c965d
0e81f3f451b5b533b6a587e74bd138bac709d528b0529ebec0e920d8117b2c97,12ff0d44e111f6aa453755baf4fe2b1f485c2153d56c017972e4c8aa354df8e8,f22a5d13604f46c87763966937f2b00235526a2f61caa9e30c32a6cd1cf08fd4,9712819be303f35680bbff4c6d541dcf7df4dfc818565cf88e565f3c44894295,42406d8370ff3e33b9a83f7d2ac0885074ec9aa5d329cd48b7a2cd3964afcbbb,dc7ad6188bb157306cef772e73c06146a494baf49c606af112797ea931aef5a9,4f73b4134245e2167d7e53cb1a343850a35b859e69dd0e8257d1c87cdb9e6ef6,42d757c17c070ad4329465f7b4d7df95415e74d6d26ee66d3411a39f818c30e7,87dd5d672e59f5788d2bb78dafd943a9a51ecad603f21e4d9233e66b6fbee595,10b6ccf6cc8a2cba2d990bdd3ecb34578a84ea43dad3978e9304cc204b3f98bf,b475587d7082bfda879b6c59e73462a9a307cccf749f1db2b490cfbdf230c505
0958f9cecece8cff5b22955a20b06ed8d58221227903be5215829496cc7b2131,c3998fcc9459fad0342b32d13b62d0e64354a88bd9ac723ae1fa265f8f29e31a,d2552a1399b9bf6c94f2257a034b7ddc5a07223acc365d605f283365cfaa8015,4dd9e407a6d0c63273d4d8f3db6f6efbb66eeb0a9002176c00b76e781429d2b5,d926fea138efc8618cbcb507fd9f23123d74a4bc23f7a48214abf6a1f8bd3689,5833983a8fad1d208c09cae5b9d7e62f8f2159b22d3bacfe42b9231180d69cb4,b89f0a67626d5705410de00cfc03299c1cb64fbdb3984fed4581d9e26303d517,43a233c67e596395ef39bc6239dacd2e3d28fbfff5035d9635faa1d6b7181771,8c579665ffb1cb058eab1aec9cb67e2c646c42e71580f2bcdefa8edfddf274bd,acc8cd614769bb353ff3e3add11620ceefe3a182ce6ed1c67301a13cb1c13c8e,f1846abd766e9a1d355e54d2009ee903ba66c2d0e8cb6451cb8c6d970875cc80
06122bb9a5e048b30530004104cd03bb4b0f6e195a2e49ee311400ed4a9119ce,292d5807bfbd7d4c3fccc70c059921fc4b580c219ff6cde8c5f13fdd9e981802,d985146df69ca9e734462b443cd7eb1d02228e0cd026766364c4336f7bddb464,82854f198b99ea27126dcc5a44ef03468188b43f34e8ebedb136fbbc207f8bd1,0c0e79888ea1636e83183fade1b9110c55cb9e97dd1421b1fa544b1569c79e5b,a2d0bf343ab34f76af710867b8835f503b8f90fdb4b8bfbe31ef1cae692ef373,0f806de666940bf9098b4b66e77738488630a07e28fc33df6f2f18621674760b,f1f042147157660d6f8934dfe554021d6ecbef847d838c55ef1a42b02eea27f1,e17fbb38e81ca988c0ff1fa322c276972890bec7a1c6b9f1c9a76991762cd87a,847d3b17b5851f921e20ac058687666f6e77df407712f9f57609c1e91abb276d,2c555889d1ce94e3424afaacca9212f84d02a6ca4be46579ff31f662f15d22db
0dcad1b75b528e1f20b40e4ef70487534db04c4592a7f9e93183f352ed49fa21,dd2786f729d479c741b379a4a3501d7d2d36e13437b39d20f6df84f6404fcbee,328e2569d8db0a738e770ca149add4bc544236807fe521de9a88dc0cd8d0ddbb,f2bf761fedbb5f7e1e349160eb688b927de5c54bd4906c5c62824a28c4e359ec,7d7cb4de4d8e87c0ba6cfe6ee0ff22e25527b3135b1eef522c856393108fe1e1,60d4409d83180799bacd25120f466814b8cd77a8c18ed96004c8726962774d66,54ab16f746935a701245f84ad5810466b91f21d4db2888328785f1c69c0b39a0,eed87797ffa96a03a851b4f34fd0b8666a65faae6577fa5d0655462d36c4edc6,747b11d75571b179c803c22d9e31a4cda10fca2250104bc0434e3c825c013a52,4d8ce6c4680f66a4371dd3e21650a129b800c9dc1c43ae9b075ffacbb60d538c,2dbc4408522c7931c91e3841a47ec68fed50f7df3c1157e088e66d016616b248
0b3058974d8d14803bb8f3ab67b2a647c8c095b8d18bec34baf1bcf097cfb7f1,f05c8df7169aeec7d6a5e5a9556e9a5677372616021a2f5085f45fb0146ccbdc,ddda538e732dbcecfb8754a4f0c393841fe40ba51e664571dc1a8e39f76e0157,04577822b77cd4088684ef6ba5f88e40d879e5dadbec2603b87e124b04113e83,2ac93c43f9df86e59d0df77b314dbcb718d9ea53026f835e57afad1b97c1834e,16d880f3e9a5617001d4f3f5ea6f2e2c40b54dacd2b231bfd1154bc8e12e296e,5f190c92f27aa57e5cc32a9e140c845e854e6adec77cf921f8b32fc3aaa2e254,73c6a583f903e11b79213d9f35cff17b64c6ed963bfadf05f0ba500c1726c06e,7467d1f9ae65cbfc60bfabb6a4eef6c2a004957ad337d36695901a36c20533f0,8091d00025c7d3c21d1c0579dfb34ea3feaffc41716d897125ec1e07ef359293,0d378287b618690ac2c6e6741b8196cd34d22424a267e0025e7722388c21bc72
0ea7b066976bde6fc4f075b77380075c2d0685aabcc6ec3487ffb82a82e7450e,8389f8a7460abb86d4b61ed0c69ed09b62b0681315f54cd07a1bd30837f85287,101f5546a3e7fb9bb9df9d210bce3d0b3de70ac663605a83ccc2f52cdbbf7251,76eb478b57a11aeb028144243238ddc703dc10faa9cd51b9d367358de9377bb3,bd1c5eec56beb90603c2bdc6c5cb2015d3cf8f909868796861941e4d21ee9731,8283ec419bed1327bec2d13504673a68e00010544d3c0b0c25b6e6d5b547f9d3,42612d2c3f27748d78d93a56b3967c5b590e991eeb45a18cd6633fb8b335aa15,108077b9db7e97daacaa938b2bfad4f002ca669386e4e661f5359702be3db5c3,56c6ff7645cd0f046ca389ebcaceb466da428e3ee3d072ccfda8ea9f31225604,99b5a9b6953706ed65586999861d760a526dd7b3cab987ee8585d58476f0484b,852905cae64c5b1c2b4604e5d61a11606a7b0f6cb3ec12a16d071ec1bed210b7
0ccc7f9cade5aa4a8d462bb5ca01f1ea657739ac04be8aa40c5703a976499729,b7ec870cbc9cd69e752a7cc8ce120fa25a52a8d15d9a8b294a0cdcceaea3e57c,b0da927d4857b1fba6b5a76bcb34a91cfa662bc9f77313210ac8a7208fcd71d9,b706cf8a7328b0fca3b6d99b7ec97f267a8e66e3f638cc63c3149ca84b6a1547,31dcfb379f7855f5e4bb850a98c5c47ec2b0c2c73ba5eb1bd21a03177236ce46,da08d247caccf0b922c3bbc4d364d8e3bfcc80a337e6914bffe988d608d4b139,e2620ca48274a38fabf7531d008c9281f9283e8ef8b785ea43074af831d734dd,fe5be9b491d1e26e5ea65d7562d2f78adb60cf9f8a8389cf5570813746dc0bbc,56fbf53d4d533790913761d487e96c8118464f6065984e46e871ae7c0249f7a5,b61d5884cfa04385c15d5714f7dc64aade2af8746fc979daae1b9e1a5e764447,f98346245ec042819a6885f6dce05e9e77a7ffe306133be2f13d865a3e557ffe
0e1196f6db248defbe955adb3567b9f397d7034df282ae820482a3445126b3ec,822cdb8c5a9837c2b14b582470bd07bcc41bf71c5c39887e8590e3d66979f04d,e210ca0c30f5032bb71cc2ee85379cba26281250bd7b77fa9a9d7489ffd1a8d9,40242b8851f0ea8f34711f6806fd960e2b85459050f9e442a27a4e047ef37c3d,11134af4161a61f19f92865eaa7c827b84d2253e3d8e2cd283b6aaf5e4ea205e,d318ae409b0da45e1d0f0adf60fc765f759ef639c60d7bc1742515a57bf1fcf1,5becb4f4ad16e13c66e6355f6e533340b0ad1b2e2f40b7dc593cf9539d4ebea5,ba7c8bdc8803e6d81c42a8269c35c40cf90d97d3cb0ac20db2af98f7012318a7,d0f355dc6c15158dde6c15324dbc3af0ca84e8e84f62dbcef1cfe8311506ba44,12e043846fc7e9827eedee2d5301d5747b14805243e6b311699cb175720969e5,ea69236860b71ad9356018622de7af2648e70ea53dfc1971a7c81178732da077
01949cb4a460ddace2885a6a4b2ff712cbebf0a6fd7034d379c8b534b7b875cb,84f21c43372c7c3ad441a38d934dbe9650b375a9d530811d1da9519bd0f1164a,49761ffec00b8c43d3b295ff1ed4c6d439b97ebe763cadbcc7f2946f538b83ab,483fb47e1d47847b95fae14862f483c5e97052dc49897c5f055a3e56349e1d69,77af4733ee96fbe715810c6b14d3032f06d3b90772b9627a9fce5ea64ca19984,70e6230450c13ad7490fad9a3cb86e9f1213930beb6218e51323b8d48a7a1e21,0f1bc4854bd2131772be17561faeb03fea504091bbc50d64ca7d743ff42aa535,6638d7435f1de36156f4f50c416df43f4e96c297265b627c22fa0664c9188d20,d1c09a00ee9e74f0417b905aeb0b169d8665b61b1ac70dbbfcbdf495533cb75c,d71ee7557707359805cd017460b58341701b2372ebbf343068b559930dc72d5f,4cdfd6d15c6963a92b2717438f55a9168cfcd5e2cc58fd3a55937d12cd2ad394
07ff8fc17dad4d7fc953e2ed9f7a93eec036b2ba75d34a58e0275f97b9bcc20c,538fafd08113e7ea12c58f5f5ff0ad400caa914ce8272ac4d25f948a631542f7,63a06a2aefad3d9d577956ae671a706f284a20753b056438cca3f6dc9c25faa7,80734fa58d136f28668a2f466c4cbd9d54ec29e14228dec27f51003162d4585e,0fed3af4f729c517e982317d8621979faa86d60d2099d290667f2d347f4abd85,5a117f6cd4c04bd78c0dcf09f3e39fdec84230f63f931390835325fa0d1b04e9,165dd4d8fb62a34a7a7cef3d54471154e5b75300ff929b488f0e232c5183f353,3d31be40ecc3628fbb557059334bb59a42355b87561c49014917e3f7d9ff46d0,7733517dc945d61fda88057a789706715257ab21aae44281f5264706663aa843,615d511b6861ce1772baff8e314d1ad7c828e8dc8c9be4ff260f745558b1a18e,82262bb1a9ed0b960c89fa583aafba52964b2db023f85145e9606be792fd8398
03f76e12ca4c99b44d531a3690c09c49158066bbccfb60ce3d52baa3a9268eb0,ccea544533940e97ac50af6b9333966bec549a8346b4333b3d17188c456a390d,e607b428b41975c15971290b35467e3ca7fa86060026316c614363c017ca4a1e,ebfc41bc5c2ad8056c7372302685b743ab6bc70b2f6bde8625ee3f95307073e4,ff92d801a8ef953e4a1839866e1a55d7e5414a9bf004d9d1fdb40a44074e2df5,b468969bb1eb7b92cc604390d45a8e6dba0ee7bb8240df3f32e1a499037ffd59,c8d5967303d4564d32d02c6dbb1dbd124ff0386c7260d02da87533cfcee9e0c7,e7a6bc123012852fa71c3f7c4b11e7487922cb39219a6710d892203ab313aff1,edd1c5da019d47f6e4a71fa9355bc4375c5a33473ee947a3a450fc5a9e26ae8a,a0218d4645dcb10ba27232708bab4a01d50593ebbcd75acff060c875090b9edf,0c689820c21726fb7114dcab2d8972a92a12dcdc85bbd59a0fe23450aca6840c
0156a1b6722258cc774923deaabaec8dd3cce72d571da3b562dc2cdd538837f2,a16971d462d61e545bb90e449d5b932e9df1caf0bd3aec85c4fb5755a5685c0a,dc465e1aa2dee94079ec01b11f67ecc413c323b94f1826b798971d973113f071,1b30b41224bab39d88d71c8652ffa3339d0e60266c2f9d6010926492d7685411,bcc2d5ea0d6d2fbf7093da735a1f3ef2bee6460886fb6db88700cb572319fe5e,bcc97d5fa4ab45a331dfe7e3cc1d3507754c564acfe5b10edcd6afe3bce41fb3,a8579e313110026143dcce7138e270880ba5d06ef9c9106d1c653e21697626e4,6888d1328dfd8fe8192b777ea8523b8c293ebaaa57edc533c0630bb8d3286d14,26d02aa7a35cce7e378c8cd6eb79de28d0f824210d07657ebaf8373ea36d1452,4978fb9aa2a39ec8c7bb97ecab39a70233b94b80f78c54a51e32e73f0aead338,cb3609ecd4e4cfc0b52c306c94d48de1c5f153c4a61a72458152e557986baf17
1035296bb576144475b684a9f703fc0220e8c0107a9e7e87c4bf76f72496b6c4,ee924c15d00c9aabfff60aaf089f1c5e790753b53ba9dd1663b69eddc4991418,02a92531f7a3d10a2a1c973d4cd173e8992eafca2ab3a3a3c60706e46750012d,5fef3e5fb2b4cb4ff0a0aacb35f7e7234908a121ff6ae6685f83cef1000eb643,0883c829365841203443516aeee8fdc512db74eecfb497ba7026bbcf3d646e66,f9e7f289f7c19591d13064aa8214d2cf95b3ca4966b630cbb13d10b52620c79d,99f3e7602df60dc074f7da7e5e0b5e16fef418f524e6dc56d67e9098da87c5ac,76044315aa3dff756eb80a2f47bc123ba7aae9d53b3fbe6beb9fcf9a317cba33,26245bd1677b3224790f5b23935afa5a0b2aa70e342ba51d9b5405b47f081b37,e21392ece958fdc1cdc421078daeb46de8c987aa0fb37776755e9fc57b49052d,d2d0fcb959c7957de29da73a38c6750c323c809ca09631683c9bc084e4687452
0fc646806fa3485b3271ef0c8217249a5cc6c8ded66bcf2de0ba16367dc80961,e11d5025f8ccba6421d042badb224715544c3bad50f36e876de9469fe567e45e,4186a72d4a14615c137d30b7c13966795b4d1ac78b934d867edd4bd40d6da513,51a7b56e31c5ffa1fb643d8ed3bf758be2197941c7a493607a0179bff8f73936,b42ecfffb7da852eafb5eefc87ab090c1950e091eb49b18a1f0ee11608943c3c,d7715be25c93379f2c4eefce90f2b86069d0b3d1ffeab0b7e250f615dc6a33b9,d4f0adc2a9d81665470ab5aac304856848b3be8cd5a4fcd4ad9d70baac911f21,0e8f7d21514d179ec3ccec7624b307cad9aef978546034bf7c4f302867f15798,cdf9958f10a9ad1b00852b822a170a1c3b61ac6633d1654c7e55a9ef8eee6319,cb56436423bc05c47818563769301ad6ed1740e7fecdcfabee96549efc6ce1ef,adaba11f939735ae454291fe9ef1bac00f084d334b2e3a6c4c6a301fbc690e7e
11dfbeca277e1afda2b07c22a161209cfb2c1ba3d23f11b7b94178a8b3de0469,1457a5fde45d7a12577c5b4ece1544705ce2aca0a00c098077c0c0b74a99d4e0,c3aa71b46727d6f1a23ff6f8541541f5f6268506a90759747c6cb66e1afe6fb8,87b77e7c371480541cf27b3ff4728f5cf41a5778fbff34e163ede0f92338d32d,82a2f19ae3793b84e2b6a8a5b5d31775809a2e57376d403f905842a06a76ddd1,85fbca2414c1144255a4a4a7a0068086d65caf676d2a8995e486d7abec6015ba,1f9f4681aa527872579748ba7df41665331b5a339eacc4afb92ea571976384a4,4bb206408e7994aeba9f5e5c43e305f7255de2cd961168182593872517058850,b5de9fff4b456ea430226527e68b44a4e6c78cdb981e674ade74392bf0e3d24d,9fa8feb7a7c50c2223d9635f2b69fb6763ee89db621408be5d7816fd899462f6,1acbe16d9c8dc290beb93b2863a8e2e545db75143a6f9f209e961ff7f6c5dfef
0bdd6404974508501bc1a2c2ebe19f59210529cd0fecd6516a6d3e579b2e38d0,533125011a338dfa9a5923d3f0670425be591166720e121894fbfba32406d511,b664b6d97fe12e02fafaa2bf61a4fb56b1c4fed153a54a2f0840cf97aa51c7f1,c12ce0a51330d406f2b5f45d84aa3c8f928ab4e527a4baa1dddf0952482e0e38,3840f9297f2164bcd82047fe4b560e18774d8a6e36c413cc8a8c2b7341c84d51,98b160e9eabbf89188eea64e502bde8faa2a9f638e92ec1b859b0fb1784eb060,90bed8d7e5a08ee348ac6570402725aa17cd19f7d2b63e4fb520a7c0268049e6,63d460486c1120d9c03abd6c84c89dc8b4680c91bfb3f256f870d35dc2e43589,8f9e8621edfaed2df790e55c6663704e6dcbce82d8df7edddc4f83823cb33c89,b7059b17f231cd21020de287160fda8f1c66b72e8f31f8dad2f4f8ef52e48c3e,ff33b208da246f6701ce8b78aff4f26e0d372401d092ef9baea78d1ea9566071
0ebb2f96ca8ad99c4fc245fa453de554dd3e7b07e1427dde2454f5652adfc0fd,85297c141c3dca686c65a2cd0d72b16f45925a0558e5ed2d59370bde39799edb,e782821c31165c002e022c8fb9ed74f911d357a893a599a9bc4171f9525bf779,2a73393821c09f1a897bc8bf66f4aefff283225357b764776bd976e453ee908c,c74bcd3ad1800f7b9856a40ad724b3030b0d3e1a1aad70495d0854f3d29fee57,555f6e40313746860d7dcd7387d8086e1062fad155702dc49416027639aca23b,25bcdb8d681693aa945fa81b47e989fe13c714050bac4d75310bb7ef9b75706a,95f52efb985ade5c9ce254e0533d9a585a7a24c7394b22f0991366fdef8768c2,759cc48dd1727421af0cb040f65e42330d1a2eeb29bf49497ae3fe5c564c35a4,615426a9d5cd09ce275bf4c26dadad4fe31fc55130d3a11605ac8154039c7432,62caf91baac991447dd7ec4d3e4f136c6ec80a0d84b05173507514a42f791376
0e7ce78fddee3e0849c3ef585c14b714afaae08c7ea2b68372886c8ee30beadc,9b5413662dcc39a966c472b870beaf9c61e3af57d71e0ea8d92206028a114737,659c69ff740f366766f6ea1da6c9d1ef9f14ede18fe87a9eca2b7b763fcaeb24,f30f4bbf1a13da8ab3e64c02d1fb01ec7e709a38229ca85969328a6bec5c7648,54ef9dc376abbb5897c9b9d68fb77a1003b28c79e470bed8e3fe99d2abb0da65,8257232a3ef991aae8da32874b7e6094d32fe9d2f8ab9fd0fd07f25e2dd308d8,6f3f1fdef2731f8c07d34a5c34938f0a2c60a15dceec3b514de230c2638369c2,e2b0e2da6ed7bd4b6586ba817b2bc2ac07f2b443fdd9877d4c4ccd4eb2cfb7eb,4d9565aa5fd85aef1790cf103cc799551cc2d8490c06a691aa4be708b6720352,6a245b41c714e77542f4c5104ac0b041e3c14a5193f80cc2d955584a1ee8fd47,911daf4f0e1e50bbe5edbcb6b0a616a2e8110008054e2d062f2658a06551e38b
08776e7a257c2cfc8c0a8923483c5c27af34cccbe483ab3b119a2d7a03a5b620,d697c2e6809cabcfae0cc53dd9779519720a632a24b2bccd882fe2c8f4a37cf9,cda408ded4185dea598f6d3f8c116136e814c005c20484c5b52e6eab1a32c541,4b3ce4e40e3e05c6362f268761de4871a8790dda9cbd4ef767588e97f775e69f,5dfac0a57b6248224e0b3fa6ba407249911440624e46445ab6c734b3ce436296,f54d6c1ea0984cf2d9bca1d2bd626750fa2b9f15805bcfe2a154e5a44a8efd72,9e289f0e2df292070df16b6681d450a8c772ff6e4f7e7534cc62a9eeba7cc8ad,5eb4613ed6557ead3ac30db1d778bdc3e8f0d1450a742da5f1d0f5685f0ed371,208083e7e4ee1cdbd81c2f64aa797d64e10aa9f3af47b72702260c4296ca7df8,589eecb30c487f5ffbc92ff4dc8ff94fc34fc3f78055127e0a343e46254e5130,0bedf6fafbd36254a909bb00e37c6f2cb7b0797ba2a690b83768c7faff8988b3
04afec02be4205ab97fb6fd7ca3be7b0adc1622526ad66e800cb57b575c01866,b6831c100bd097cc548eb20a480476f1a36f0985acfbb21cc8da5665fdeb5f4e,0a429c95912dd1920bf0c8cdba24b6b9d6f1f50ab6ca96821ab4d7243882255b,e950756b10abcf4d90a6eccef15407364a74c680db0f5fec2d40cf3f868fec59,2c9a8e5a0efaf34500104a5673dfd469e9cb31f0f34b71a84fb579da63986860,1affb64254ca08a385c71fc9d3275186f16f0489f732d612ebbb092804494bf0,e2f3f4ce2fb3cabd3832325bc477c84b5fa8c23949201f40dc0d5a66551d9e33,884bf32f3f586c72f8d85c900b0ad4df6343f57d67a2795dc9e52e8a09eb58ad,451b7382f950918311598ca445530e5693d2a1296575356e28e83242e6f702c4,ec203be3b511d0e18e949ff0b49a45f48c6816a629a5bd66a31106f50def1c0e,42d6848ffd90d09005cd0829461f498a66d5bfd2bcff2b0b55b82de4575b5455
0611f09e59df6e2521513f366bd33347c44d77eb0020535b2d068334101ce282,c9cd85d6d0c0c805063ece8dc7661740665ed8a7cd36b99e597410517682c6be,fb7431c35fe77b4108e689aa899e2b43d297f447e58287a90e8d2ba384f6085d,698d7c422699a20927693482f7dc475bcb19d9135f20e99e0ff9887ed10bfad8,dae47943fcbca47ed96e4fbf060f3e67cdcb95c6bfc591a6335dabcdbd1bea04,9b6501e79c5766eae17debdfc9fe95e454f9c6f47c546939d977fb852cd8ed01,eb6aa11f54535222234e83f867e197c86ae51246319968c199993a79f21349aa,b6fc2d3ed8e67b79734b8820b1008494ebbbae7f7f139e9c541db918b77ee0c0,51b5275bbb8c830d58f84605f132fd29c13d141b127ebeb451cdf8a6979ff6c5,0c2f2c236232006c8644ba753fefb05d79c19e699c661fa1dd1b272faeeaf6c1,9ed03658ce5f431a117319f52b0cf682ed5d5eb5b3914cd198e47f0c5c1aad37
0f45de04ab935f6c737391df53356d20445ab99053e457f418e18b9b56787338,d3857a00385c547e168907c0d62d2285514b58b36c783a16e5e2ed097d2b8dd4,9de3acba33565e8199da82fe7ed4870ff5b1f2e195c54d6f0a8a9ff47ad4f63d,0a61e1d03bacb94305894884e6c251ec401a4fa8ebd2ddb2cd3a033b8d703708,84376dbadd36ca10e1b8a0408065b7b25768cebfa7a9e9e9cecc168abb344b96,5e6ffd3826e9cb11a8dc6954601b82e3a448d881352b6aec919f2eab9d9fe906,f1b2662ba4d213684668a9f1e9b55c8014de4bdae0509bcf554e078d95fcfe9f,3248d49db2b413f40f277906202cfbcbc0776faa040571a5c35812a1d062b4e5,3fe742685e1f4412e31ececee6f3856ce2f10737802c31b515ee8381c603b91f,5f7c60d3925c7db73ebd1aa6a92144586fe7a8e7b5bec6d090ceab26303f81c9,b60b718eceb40bf8977626e22f9ae7e7becf953ee2ba820f5e9ee936c3f646ba
0c8890bd550dd21cc5b0feb9ad101984e194719b2656ac904b7aefb35765b15f,c1c8a271f654d9d5389e67f4ab00cdf47d3956b4185ee23c8fe244ae3ce50fc5,a09b7abf95af66065859f684c412404a7027047598e2315a8f51a4869981edc0,6a0c3c51ebc985f4e7f20c8955a4cace743422489da1a01f754f1cce6147973a,3a4cd38872fb659a8796085027a68ad815fed5bf078a80fc33194d39b0bee767,3632490ad8b55a8009ccb0c5dd36e3c0dc6b0e2f0561581bf8bf122b25161d98,78e823b121ed10903694c7b49b1ce3e1a5418bbbd86dd4870dce7733c02855ca,b4d9c789db58a3f99bfb537a4125caf916e147ba43d1f7c45b9e3cfe69d3b0f7,b224afe183a87f4bc6de042bcda71d1b2b695441f80163ad58e66efbd6933ca3,2e0739ae03a8234e9628fde14fd7fd7f0a475d055dd6a8c3029bdf5839f84ed4,4d3d9695bf53117af73db0800ec54ead94569a0035752949029ac771c8453c0e
1084e8f96e273d89f3d65bbdc2eeed340a4b816fce2f4b7847b083cbab538941,7d952efbecc1b9c05667a177d32cd9da8cfdcb33e54655f42aa29c2b080fa875,24496991d7e5cb293b952ae0f7ab417d2a06dd0b7b4bb4b8e19f0217db766646,2da6d871b56f7c8ece51db7babe54d0c56d5c0aacb572e66fdd5b05bd8bcea2a,55ba35d8941bfe9e5c77750596a6336767f5ec33c14bea3351b6d73457803f18,bb75f2fa9bcec6884548ce126d7f532d765488772a9c16241a03bd7b00d682ce,7fb4cdea477516cad95218ef70c08bf456d2b6c9f6f5204e462bedf4f078034f,7079e67d2554086d7680dd7840a799759d635294d63a7337e789c0b5bc415be5,557d161a842722531687fdb218ec53bd3d00b413d338ecd5ead0de1d8531298f,22ff513f4252e3e6e7e6fa225f23fd291e2ad24d4ad3d39e56a16ca7a4cf68fb,5161fe76a60af695b857b7fedb76c8c46c447adff36f67c600c7ff81105855aa
13fcae619473d65ec8898e73e321ece6ca78d2b26089eeb02fc627b91d247e97,cae5ddf5c43ba2b45671031a9f80de937ee3794e22cbcbc2e23ebaa43f56f530,f18399c7268ed76e982b756aebf84957eec6afa14ae74af3e0f7409fa0a9ec8d,e6abbc7144740e96ce19927575eaf4c3714f8e4ad54c22fe8f045dbd4292f7d7,d3fe447c5a0593175badf0ea019207431fc656fc7615b2fbaf486b5580fd8b8a,b7ba9e1445e702ef7877c5739751322a2aa7958f902ff6c37331c9a17cfc5410,07b8c130b26d818a874a11ee14d0ab0da3ac1934762dcc00986ad81026689a1c,79e3bfb0d906eee6108339a2b23a1ceb451a9c598a44e91e25f85679c4cc07eb,4d782aba68d444186d888b7e7118d09ae26ddde3fd68f089e36573c91ca00878,6fa48ea7ba9ad46dd22f1aa2a8283eccd771bf2bdb65331875d7c451f2431b28,c8b31930932fc6ca99ea793420df5ec9dcdda2f84c93c25ffda0f4a3a8d37e64
13f5191467f996e890f39069bc02befca2d2cd887a5f5c2f45598d4ee062352e,5a2c68d749163322b48605ffd7bded516ec00c3f6ec7552aa35fa0c2c514e681,cc85d1d50c521f4c57e5b518b264a5a273592f37c0b5d63845b1b9697de097b5,a2aad7e2d43110bbc20c260b04adea728f02fbc9b0dc3954d6e451e85180578c,2bb112319c48e98db3ecd789930269b73923586af5535514de003edfac287cb0,2682fb59ce651b95c87eb54c7075512f4d7d10fa37fc79f8bff779992fbb5936,504c8bda5364b7b59395471c744ddc6e2e68f2c577b4720d0a34eb61e0670472,43a6128b08514dad0629b3f437bcde02e6f98e8ba9a07d17bcdecd47e1bd3286,1433d167ed1fa9fa79e428a8e2c52a184d002467f010b637250df177e731cec4,a901fb851b756b8020fed3347ad03278db09e27f06ee6976409fff060f40ddc5,596acf72445c1b572b12d602ca07592c3ae5b836f4d21e5a82c06cd7e14c3ad0
115deea99e703b74c04c137543a4e7e6ac305829a7f11dcdafde2d1c6830e9a5,e05d4280ffa8c8a0e620ec6be3e56f5dde25a9a3323fae07709c3f6d8e58789c,4133349c5ad4bbb153af4c1501cb31f0bbd3f8af50fda19b3f69d57057181c99,3a00bdeec8f0ce65a0ba428523bfe9ecbd46699b7f523cc73030bb33802b818e,d438acddd445c2a030e2aa81b854af5fb766e392c5a5edacb9fe1ddceb221b9a,7bb590ddd962abdd1135d5cded5f32575bba03d5e79fdf2c87b46faa633685a3,681cedebdcc7589c0a46f4eb6e43adc32473cc91ddcc7f89e185dc239768889d,09771e36901676912a541078c5064903f6d56e09c2ca168f6b9dcbfe9a6fb5a0,276dcbf617c42f9c73d2d9e53c15ea6b325b6ba1a14f590807c1d7184b4e537c,13704e3fb7b1bd497285fc61fcc69f831fbae111bca03148bf7bdb2446fc374a,d389c0381d9ccde663887a9899e7e6a606d76c06a502f8f5388a79a881a9eef3
0dd696cae9f5fc107bac087165a9fb11cd30349541c80780294ebcd4ad86e64a,55e69bea7f5722d843f1efb24a750a00ed13cded2f210971a06318def35673de,6c76d055ab9b5c0c35e78a46f442d8cb63fa50161c26cbe06725316f69dbba59,09e81ddb10461f4573cf7be5c4062c972bfd60b01abc7e660a2ffdceb7928f0c,8ba68460254128185a358a1838a528689b63f10365bd9a09809684b682544697,026616ec55923d89db3079ed4ce54dcbda6b97460363d41c241bbc3012d94d96,ca87d76b2f0d926b5aacea25cc9cab9c09db36a8433b5b54e8e1813019c5df74,b67ad763bd1546707739467cdd9ecb19de4b5556e7ea89cabe73c06bcaafbb9c,062a4a793a3aa9e79cd0ef39b86a51bf8d9969e8622d6e723aec581dec271972,57b93b05a0a6bfe9720c0e998eec314c38c940754d59e07270bce25a44f7cc20,835540d6fe420554e5c214f6471648f4818bcf83e8b63d33b22c12834c1c03af
0e92b147da0bfb389903f3a35102bd9d15d958f499ecbddb5b899554f0d26be1,5de5ee47125a54d33816c07cad5cc800b5087bd56c6341799f3df5092951112d,9feaf594cd1f3eaa009d89aaae32fee1744d2f2b206e0b31cf2fdd4e5edadc3c,06c477f54cd80332cc96fc8f7a2785e6e00ee70547597c36107f2a9eb8989c9f,62d38d722fc750a62066ab6308660e002c2b9cb090c43c5688a26b1e5101a333,d6078230b7c080f1cf43c51b55d6f6c456f8d00e8bb9423378aa0f4b71221fea,3292d3607a5a135fd68d1dd862367d670d0f262afd95556c12d4e5bf8be1acc8,80c23f7848a4a66972f1e7c39da0fd9ff3e995837500db3abe08aa4aac2cb32f,966ef86e4373fc161c9ee531045f15eedcc99f34ddb35a409313b938881c6431,0743aedf4609447e907fe9f36207e510cfa7ce74034ef7a4bb80cc82fe45d646,e8cb4d02786424c21426ef10f8dbf9a6e74005681020f68766db69767a49a663
130fc20dfee342bb1239bb3cea1d56456d90812b98c58670775fe31f4bf7940f,d4c7717914981abd8e7d25d29008aa13f0c48bb46791cb755b64fb7ccc6acef3,3fba382dfcc86c3a2e30490d4186304ed2bf5a96951f9f7e609d1f2247fbb471,8b7b33f385dd60711a0bdf1d24cc9ca6cb587b587bdd52fbdf5f297094ec9726,b5a4d3dc4ff3031bbfb54cc96a3fccce09deca65c1205ab791e3629384346e3c,92b7eeab123c4081949feb17eec7a370253ecb022b8715fc9256da84f475a521,6bf1764ea7cb65befab86d969b672500cd5dc0cab13c402f1b75178be8be7c78,54748ff9f7128149d7df577a3e484e40e4fe6a4ce7ea058457df4bc9f459e6da,226146794d66084650a13a97a2cded4a79423c56d8325fc04c125f98a5bc5ad4,c5a4379d3b328bdf2be1efc4e797eedb5e2dac1a2c762d8b0ded07e0b17ab4af,683ab3827ac7a5d2cb07a6accf2cc65b8fd93511328dbc11e5e579ceae1121b5
0e46b435d1c549260993b2573c432ff44588937e9350babf1e179cb11675e8ea,f1b97c2a51fb62fcb83b92b12804fcf324ef062e45d80816965a17aeb30c4cfd,ff3bdd6b6afbd4195e2cb52d370ccaee2296884afdccc8b4dbcdaa0418f80d96,f8fc2347a9afc0bf0a634761abf01030cce0db5080585e85524f8f3178b98aac,620769471452183148349d7eae85031be8abe50a29e12b5cd9247c7b008d42f4,10e70c75cf009111d57f40be491dc5dbdc00d06931d66cc3854741b04ae1f942,fc37600fd6fa0813f75f6d0b49d6e032dbe7cc33d64a38dbcbe1cccc5aaf233d,f80a080e6d218211c6d098c142aa8c0065871444d986936850b8a21e5bd3417f,7c30e92a83e46cc0930e454744e59d468f43acad8511f525f4ac16305e9624fe,ca8ccf31a1be419fd8410fcf82f76da40a829021ab0e98f48a245ee49ea16c4f,79a0fadf659c9e44f412606db414f61225716f51a76886aba7f43a743ff51a96
1087b8ba653acbb946116e0361028aecf895b49d78310c2b475480f9788716ee,5e94e5d54ee2ae9c37f82b17138533a9e62b62b7caf9d1c5008008119256e706,903f7be5a9c1c2aa61e18bbccc24c356683cd18e819705baa7b80ee48ee41e40,9158b1b5dd39e3b91816cbd2befca75f9733e2c35c6d268faccc73e045d5d40d,914e9ba66c3d721a87a50b79e6a0cb4981cd4f134a38d840edc2ae5ee422e4b0,2def0d3c85889d7578b068955fadc301d7c51ace88a1aa87eb70d73fdd0022cc,b56a7d86fc2712e708f2e2e46abb6c8aa9b9d80088582f39c5327c8686974b6c,deaa766bce78eb29fa596fbb23baa8d60b93643720260c504948c4e8e290dc56,b458fa59f114aaf9eb910b5884648cb7bc9ffaf9c1ec835790a6ca593d3e679f,d1a829e25a2e097059509818b6e0f8f3196b96b52c0f9421e057984b9f26df86,7a85a4c4187dda98972e614bb85692c48957999e1c2142cf1e23416f7b5f9835
114880476dc4d75311c7bb5ce78ca24865d3d3184b4f6599810b6c44a078730e,2980ec8ecccc5a46ee2abb201da00d3154a0eef9c270667388d82ed749c7e53f,96e7615dfc9408e9281e52d2d6c21eb6f022fb4aeff11d19dfcf3678e9a5ad5f,fd8888d1521465520cb80670ada6643c0f2f59b0565d590b9b172b5798595d6f,3378190feb63b890e6156839ffb7acb261e50c5cc8e75028d77e235302f89e77,14c0c6600912596cfdfe926da27beeb2c0b241bdd3248006cb02f8c19f030924,e023072ba31e409644c336782710fb1bec26c17215aa39d7e14956c6080e0379,fc679b9ac7d2d8d30e5c23485036f002bd62dfb67044dbb4c5280c688e8e8f74,7bfa63bf71d3290ab141f64e10ee58b545d213987423ca4bd932394f7359cfe4,214bc67caf98f69dbe3359a8a9181effe171b1c0ac5c7d35d05b6cc41c21ecce,23fa22297a46c4c0ea660510a01b2552495850806f95bf6c8510ac827a5d755c
0b0dfeb51e7c086510b9d761b0415ed760bcb450043536d0c4dee057137384d5,bf1f49a8b5937baa14dcde6d6d76d1279f717849eb3736e5fd4e1c21595fdb07,1ea23990c4d45000143796897657016c143eeab4ea7557f35a8cc4a657531480,d8e20ff18959087168cec04e0b838c711fe0cf92c0a06acd037962fa046def95,4526aada0e2689546435ca0cc2b95d78b630d2b94157e5c7dc45c1e8d1cd9d90,ccdcb5eaf4bb67ed4bddc752191c7fe2bd62ae72c46d42d3bbc2ea957ec3286e,0f5278c2481370ab59d1d79e956bb06c49a90fc591d0361aba3d0d834cbbf711,edcfd6bd5244b4646ce90a249aada3bb8984472f943c266b8253c54466f53b78,a9425d685662c4b38dc909163840ff10ef1cce4fd4165f2049534bf90fe6bb17,26e001e2e1b6dba5341ddcbe001bec698b1c8e1b216f84609740a147f81f5d7c,165087946555fdb34157c674c08fd8ba6d8b2f248edd857443cc41a64da76254
0e5c06f8f18ead880d28c6b663109ed91469596f1beab347bc870fd639696261,d8308614be9cedc894fd0383c136c83a2d7fbf439fbc8ef5ed70c237f4f92256,404d3d017a8677ff01c7fec80dc70e7163e0e92fbb2bb037b20af799c5286cab,d68fed4af1df5dca9423b1667d886f3dafc6ea4c26fe1148cb1dc8bd1591d369,d98772dc0fe6f5bd4743906f6892d5b822a88326c1034d18bb4d7cb29a9d488a,177c23406e55c5cbf26e8bd8a7281fa01f386bd7919475e355b97de9d2af675e,f90116f10f79a54715d4bd5a96d1f693167e687784bb0618fb02b9623736d584,a89b7efeab3115d9a5c771f057f5ad567f41d5bb5c599b5794f4d0d1a7dd9699,b399be5b16e1140d011595a31260fad956e8cee1eed32ed748c7d85fb1846aac,211f626f7b70c979934ee385eb2b3623c0fab25f1ed4d9952d5619d9c954f852,688332b2c9890c22def8b0fea1eee0553deae3bfe10c3db285eb115148ecabc5
1346940e5d18ce10b532d1e2896b3a70ceebd2ff39d3527ca1d7286184429292,51413a62eed91d1d51b0b390701c77cc604dc8f598f202cf4803a997bead0107,03d4562d6ac83a0521baf1a8549318e267edd6690beb3c8d2f6fb1d908415667,97436a95d4be6d3492a57d54f285b5ee198b399f30789d4be6b77bcc2a3fdd7d,ce5015776bad29bceaef94b2de6ec52f1316d9bd89b76ce124f3ff80e2fd49ed,ed72ebcd1efbd66687684588b8725fc90eb6d9f5852c84ab2f27ab2790d424c9,ffed97adb304f93c692989dbfe1ecf67c33541db6ca787d1980251aff7652a81,3dea6a167f6f696b6bada83b16e27087058da50aa6159c684d86d9ab4b653c12,7b3e4a0bbb5160f37673235833fc381ecaa25b717b98a34bb00994492ab2adc8,4dc3fda4ed6156a2a66fc6bde2970e89d97b6955b522d86ba3116a4aca9a793f,2f6b25793c82e2c77156cb30bd5c63b1af8e58cbc6dd5e2808064534781ba2e5
1288f8b4419402f86565660b691d63ffd240c4d5fb136501bf57976b23d33b0f,1f65015476aa83b592a547cbd50bf906e22e90130b2800806a954f531d7f31d7,c061e7df08dddb35189a1a21689d40a463b33281f6e716dc94d84fc0a265e69d,748a7ff1e1abb76bb9ae67f87ce2c1b5f17023729b1385a8c6f66889240b4755,94d8e6113c1c7a4ab41490ddd73ba348b89445cfb4cec6871f4138a4394c22e3,d0cd86908f6b4b226820159e76fd0707152544aa3e5434ac1dbc827774eb86a4,c3b68e31b1aa65f75ebb8de56dc507aba0a4dcb9670bf2b2953cf40c16f4bfe2,44dec03a7b543fdcdeb11551dc6bc86adc270cc389db90be7e761cc5d88c2f60,a5ecd3defa2ecd3ac2d2422d8ffc109cae8ba6ff0bce3c3458b8a8276a9d0033,e957556ac24db0abd4a10037ac1e8bf7cb0b66a9076217c80b74e45b75ff8463,5c45a5068f08f6f4ae51e2fddb43fde3cc302486d30a670c94ffb127804ab3b0
125e3d236647bccc64306bc2077f8520d3666b2e615f8c888cc4c2df7de7db16,e3417377c5cc97e9f3b483f268863f57367c37204a92f62fad948ea0e43e1e32,64fd833d27ca46715e6a3f9e1734010688b6f01f0164238ea9190bdf69bab81e,df6021bc3ea6e82e872bf79522092214d956f9789d41b4a96ba9579b916e7222,01a7721a0a50cef70d23cd5eaed4b85accf84f217e09b5aad1aa3a4379d98c40,2517546c0c55203acaaf69fcf5df40657e1a41af983c3c70b6093f849e75d8a8,21f9d9053a8e6b690789626089495f0d4190660dfc6b4fbdab52cd1fc87ec230,8833b244460311ce43c08fbe8509a267c38e92bd8082f6902abc19e6bee9d44b,d1e44bc65d654944b6aad688b1ee8e0b5ef74522ff439b741b0a6bbf9885d4c6,f3f4194efd82a399d74890c68b5499c8b493ab75d172d51469c443b11d5988ee,ce4b55821a6d006966d74ba4ed843e0c253734081f99b08c7fe6bad0455238d5
126a6ad8d72f70844499b4c7eedc086cc2280a7e53fa144762a7ef67e0b72a04,9c752dcaf926844d273048079ae196bf676784517b8e836ba766a75b7d99784d,f0d8accefbdcd0ea9d338de47bd526790df33bfa936b9df97f0ea887b84f27d3,7d37bda011d78d014a22a17428095ac8c2e92397aa956419bb3dbdb4e21af48b,ca1d26cc30888aec2fc78d6794c0191b92808131ffed7d7cacc4010740667da6,c82a2cd336d856de08b56e9b8cb673f384dfb11a461c3a16b431a9401f44508b,5cac6f81679e2c79c1afdf5afef5e656b1f876492ed0368c8bdf421efc4e3f39,78c74af9c7280e8f8fc2c0b363e1df3c796852fcdb9ead8931425c53847a1b5e,b7a9500b9250eb0fdc127d27488ce82051fabc2775ed228c94dee5663ac235ff,2778cdfcd3afb895ffcf410b7d6e712c325f49d635fbaa9b2d3dcff90f850572,0e81b71ac7e61df2566a9d4b5d45f8f75579f02afc42bce02b51dd9a977f3070
13cec38582ac74ff99f3d80964a45c5a5f082369530dc73d53f9dc861e7ee312,79351b706665dff03bd7be3b4340ec0d0328b57fab0948b7db78a75c6c5ba801,2fb151d8298566c1090ba4dbccd9bc8e67d43d767482d4f094a4d4f29822ecc7,09b2dccc17ead538cc303d81c0195449d8f43d85a7def2247fdcbbc21a71af8a,4253b007dc848480e70af23c30120b74c0421c013f8db06082ba944ce9654912,5cd857db758724da9df22d4fa5a49c96c6f2ef43a4ed9cd15ff13e8f481d2f19,8da27783297afa6ceae6d31deb020a17b44bba2bcf5d5a082c321a87afd86399,2c40f213727d049b7ae775b724e8d2af4cf943bd91ff24d8b7134d919da36d73,39fe09eba513ddef24314cf6a4b8c29d6affa581b16da7f3535644e950ca5bb8,6910667a131908d59f185db4a86edd16ae59746c88ce9053bbac417125361ada,9f68c70e65592e251fd5d750f9fa0784808cb042c53f79b4b6e64186f8e43f3c
141636dd390944ae4109c4f4ed32234f76fb31c5c7dd0abc246becdfc1e498b7,93d15f145436e2cbd9f18bfe51d657b8a8567a30620efd581616a007f86c3fd8,12d5316b9ecf6d1a59c9aa62d2ca48b3eb0a1b9190ec660211ab61e3eaf74aa7,b83b38f4c9ee004c19ef9be0994fed8611749894cb509ed8d5292be85a4e19e5,5c19ed411193edbfbfa859d5d989d8ab9f003b1b75c60f3ac0b86fb5014502b6,5d484ee1b1e40e0e5e00176a04400acaa4514b18f5d06a49a31a635a776f6e72,84b0c58f306f57536cf1eda6f33fcb498af590b4aa705b33c2c57c681d83ad7e,d53ccfd086f45eaf589cb4be73678736812d341e8540f5e123e2abc67198b633,d5cdd5f7bc4d1449756a3125ea66464eb69c897c0c807ee3417bd15d7bbf46b0,3d4ad1d93c9331170b7565973227a0d6f75db3c8e20664982f35e526682df2fe,0dc800d82d2d8da4ca690bab0b7b6d4f6982809bf65c108643f8f9776c953891
0df7fb1797024888b7ca2b2c70e0b562037962d46d1c1d2ce50e1bcf62bb5886,75e4057d1468a5d20e03ae1d1cead7d0c099739d0865ccae0cb3b6bb5d678a75,5166d215c3fcba80775377f297c2f85d17bcc6dd0dd1622c4de0759387b9037e,1fd2404c8201cff625a6027fa021bb9f172ec4601b13d83da99ab6eab30a07ba,f55505f678096e70b6c993ec01284e0cabc16874bfe9a4670c1505c94119c22e,4d24321af97f818b105b690017a69d131929048c33e78335d3c7eff9ae373c5f,1b71cd67c6f3b7d6967df1e5a240b0800762c64da70ddfe772b90443d883ab04,e9bc3112d0fd8236c28dd6a05f9cd12f0c25126b9dca883af8206895b22d435d,7e4c189ae131e70c6a6f7d3fe3e1e46988c00bdf266624aa95e42103bbd8977e,2f4ea1e230eaad716ca2d510a5062d5b70802a3a03d593d76003024c38ef0d76,3c1b9341d96f68f1d03c4f126f07c6c98d68fcc919c7d0bffe18e3fad0b914cf
0f021e137e7d3ef426d85f373f64ac53f1ee6c26efd2772cdc9ccb95ff09f9e4,aef67a3d9dc988abdee6c6e4ac002ada0a065870b451fed1a89af65c511a2fc8,0351d184cba54abf79d6677291186a6146969e071180c59910a3ba3deaab1a71,086ce19a4495f4dc6d28d127759fc33f10b89ee748d598009b2953227e132af8,747f8acfd0f29764999ea00a98e2bc9d76df469db80a31f8ba9cc1f6de3ae64c,a4023deab564822ae721ace1307e4b63640cb8aaf4d4b564a1a731d01b9ebd26,0cd38c6b3988c0cac01b28d6c221d044113b9f39791b23c6088e8614364105f5,86af8a30873a11e0480d7fa3ca4203d0169f6984707416b8d5005c654e642b48,9161853dc849533b5f153c078bea3e610c1dca8b4ae60402f23a1d9c13b9c9c9,8ad5e543703bbd602092ee37ae1e5db86d3c54581c7b8169540f187cf33714c4,603be34c4a9cbc479febc7d487f30cee73fd6744d0882c732724e6978706feb2
135c8558d379a1d13935d9b15ab020ee744e4398f13ae8da7e8edd883e93d43d,4ec9203155e5a3178cdf751dafafe52591f6899113e8bc8d95840aab7b9883e5,d37129e76bc86d5ea2f811a187423c8d34d4ecce4e9de67f2127035a95879c44,e7859c6902f9659471fa973e59b87c8faaf99c36357cf60fc687137654e6b4dd,e8e8d4fb7d14adcee0a00ab152d3234bf9f7cafb7a54ab9e3a560be1230201d4,f4fd7c68ec13f67d703dbba4ab39760f4ebb7c78158c122f90521f7c9c3b5531,8c2166337deeed86d228dcb100b6ea73855ae9e32a8ee445defe901999d8c6b0,0d157be2a3cbe35a2d647b3d53010fa498583c13e4780c4fd8248908ca1be477,3b98ef3a6b668c15f87e19ce7bc193c2a182cc1d9296353a283a429d36379a39,0a34bb57a63ca2847984a1cf78676bc86aa46d5418fec5d645f80164095e4850,65c3e0e665e643c03e82c856f8dd60cd979a3f4578c532a83705ca72826d1865
112e56ef736f4ecfac68bdd2a4764e09915a7c01323d3d3339a20ef47c551bdf,81ccf3eee638258fad430575a30cfa3aa84c35c30a2776d8c0dc06985ed91a34,26453a672ce347a6c922efb981a358bbffc290b3ec80d1bc157f2c4a10aded29,ad8610db449ccd003c8895b146249a4c5c132cb4c12bd6d541e00b812e1131fc,937302feb429d53a462c2ac7e41ca7e1d4dcb058ce07d2325ca9c3f4878dc607,a6e61a3bac7c18b6b2fdd9a92973e56ec061df69974c27ca4b3b4b2f24d6838a,2cf77aa7107fa2d9aed597c3fce29eb565ecd36ba9ef6fb9ee3ce73756640474,e06f713af01f0deef4d5f4820cdf52ca71c7cdce8e905125513ea7a0e4bdd1b9,a99eadf34343dff3301e4777074537d64b098132311b1cf71ae98ad18c16803e,f4646fa06da994fd43cd4548eeac1ad12a7d9add7bbbbe0870df0fb7e4e990af,14de2d1afe8e6d0512c5555dd1d68a194a0c7ca1b49404f696da4bf0372adf88
11123cafff7ba3a80cbe9027fbe5daffa83e837fa98719e6155495c8292bcabf,5e85837d5dc3513d15ec9a0e16cdca0e7b7423dac0a2235e5d82ecacebf2bc4d,fed1dcb4958d49216956ae4f6e164f471ff6c891629ad2635925ea6622cd25fe,200cdb2c506dc4a5d79fdf3a489dbc8376866b0ca6055a562f6e558509d7fc71,67bdb9ad2d5ed611dd97685fd2ccd8c796281bb30f471766bab8b591a1300563,151add898e4d784b85b580b5f67dd52bafdf8908b9fff2bf2d190dd1a3f8abaf,8a002b1eb0309e991b97948e49377a0a5e9f4b80d23274748b5e99a71fbfae1f,0545925be3eb21ac2ab2f3daa1958e128b3fb2a69bc9d66f51ddd079a4d438dc,8bbd3a99bef9e453a2b999ec37f540b3e644b12348e066252f903af73ba77b4c,a73a42c913aafc14dd98c55d21755eaef4ad2a112e45b32a36cf1df72ae7743f,5256addade91b877804e0e5572a342cd8b176ee5373ab772017fd8fe86d5897a
13a79385832ebca2da6697b6d1ada671d503c496347bf4cfb8bf5a9896d97fc3,60147c4e5ef03669c51c5a42cf3d2a2a8f97547f7269743466e8326bee6d3605,60331436c8c03b6678374e2f36191ed947f35567bc71d80e0b90c4a9f11d4ee4,fdd574a08630cf2bf199a6ff349e03dcf8ba608e6e5cf4ed359386f853300dc1,af73b20350e208ef1125fcfc7bb6104a6f2db3b74200e22703c35e962637784c,e76308f090dee5e3bd8a483f3d75539664bfd4ff34c0a272446cac105519cc54,aba16e23262b9ec8a539008fa1cbe5f0e9a80aaca2316143bdf3035ab2a1d346,929cbc5deeb20953142efe76249f744b6e5ae8e1dc67f2ac18857019b98b176e,47d88ad0b2a0fc8cd5ad13ef288e6d6c2effbc91fbf577aae23aa5be678b6e1a,2ea8a3b5229045939e765e49c2c16ce215fcd0641c6132078e5a2802c6dc3f81,4eae77ef94d8b874f96f1caf8d7672149fa15fd9046fc83697cb2361ec053722
