ORI_APP, MODULES...
198a6c7b9c8b626a1c5b3bb1c39c06630ba317df903808a0581e3346c4b6a347,d28a9e0ad342ed56fbe3a0012d2ffeac4daee9559b542d2e41722f5215284ae3,2e3bcbd6fd128d6cc382585b8eca5d9ac5cd74320a8440ccd06fcd275ff0cec9,0646a995e3d2119f1549d3a87eabb34785a200aa3ed4b53def64989db8c5b94a,777dd5cce4ea93d3239e90f92dfeda5c048d06c48e455cb5465c65ac73d6ea60
c8a91fa182856c78c33f49085e46bee9eb654a4460d6760bb3c55708ded5f2d8,47e874682c984625e5e220711dfd8c3998aeb94a3a628609d23833921704bb29,61414de0ab2e5a9e9eaea8d280d9e8eaa52f8794b30f71a35a2be89c5b98c739,ed54f02482eac365565ecf3d38f901ddd034699e78935d17cef7005cb594b8b0,37e83358905c651e2b10fbfcc1b80eaf39629cf8e25dd8b2e0b267227908f7d7
b52df75d6e18242ebde33337555499b0e3c88f471a0cae8aba7a8435db23505e,9ca02f5d65214ef311515bd61c76ea1b7b9beee13cc5a1ddb0a834b178366b30,1fd23c55ec0a624fd3e1e4c68c9f51c1ce2c8e508aa765eb96ade59efecd758f,91aa583596c504bb61ca58acc45084a215b94951c8566208adc1dbdb8c2d01d9,01b306d17639f174d9d43d09e197d7a6fed68cf6cd3d61bb98f5a05b53f827ef
ad50c56086c680e92126196f0f4d73a786378200c9e55e5e218ec287fb613726,ee8fe747006d1e5e195aad5ffab790b5e306020cd0fe593f4cdc7b0144b172a8,265aa0b25512a54c1d832bd8230893b871c00d7fd7abda1463d6e5c44d94b019,28345738a9aca4466030efe0d106dd106e505e1c94182c0eb8fdf6c71eceb4d7,d4f5a1133a603524752cb40f94507586d4fe52dd81e46caf19a667a69d3d8e37
bef54e65646db7b4b814c9e59c55b5a643f071c5e12a3bea78466a7f2e99e41a,4b2ddd8d6a3aebc8540d3bbf01299ea99d2db88adea9a5fa61503181a7d0c7e2,672615413bf3c20cac9b4809d635499cd421e5f3c4981244ce3177d33abb8154,3dfbecdbd07624c2ea3d8d2caeca8b305ab932f18dc1110e4b77027d2725a70f,ddd3d234de4057e65e951c303072be71640041b94c2d83eb5c2136962b0a761c
cd6ed0f9c19d71274b8b068f73d7188adbfce27ea6a5f4f71a2e3ac558dc1e57,2025b902e865306157e29d4fc840c30ff8059f5d636d1200059c6d54e9822928,fc9f49afb1883e506415a777f068f31c4a4dbcf4a322685c6a62b0ff8b93dfce,36c2c1570d8b4a0b07058e5b516a1ead439a4d66c4a74c907ad57aa70aebd8df
7f0779d7663160b30cce6ad6ade96b1a893142e8aa0147aa70190562b1ea60ff,3ab36d1b8ed7abb550024c31bc96fb48b703dec28d40c969420040ed90b0ccd8,8e78f5331849e13bc31508077f27e59e4b63d104c931b853b3c3dfde928e7f02,e17499ccd438ba4c69a7587ca8a14adef03b51abd5b51ce1b73d7f1ff651adf7,2a833bb4dc3859110583eb42dec8ba77e4c714374a9594d96e5a0b8cd1d02f79
4145c58e14e02914588b4573882ed04905547534fa8bf381f133b6e92c160912,a32e20b4ced886ade4a32663e7e0e5c2235091aa2a416d511fed401127bbac10,a0579b4528c4ae6c44a0bae53a0221dec05362470fd1a64a89b7e4fdc23457c5,4a7b386a166eb6c2824b048f38256fd19b39f16ee0db62e4d21e261ccdce5c05,20fcd69857a24d6d65c032fc7c205449e189911bd600769e1dcaf4b4cbf84306,885dcdafd6ccb83a786af50e0e366ac0f3aa2da652a6dbf913f2b2685d64fb91
20328ed138721dc56fdb7ffeedaa1f7e526025be34c368468764c6dc1d094b3b,b571dc0f474dea867ef94028e1be2397d551a13ff4e22f01846d216f1e1ba9ab,2a6810bf140b8ddff651b15d84432ed33b4d7ca8ca737555525b26f22cd67780,74ab1bde6e2a25218ba2fefce4e5b19a45476e71294f21debcef1242af4b029c,52e0147b771b58501949944bfcb15bc29a92fe548c41984dd7ba27c55c04b219
9ae7270cbd1a2cd562bd10885804329e39a97b8a47cbebbde388bf364a003f05,427aba819a1c5981d7a4fe51fbbb374eec1d49baafbee076393a54d3cd5eaabb,1bfd6a506b8f6cd238085bc8963deeaa0d54b3600e38a5a493febbb9f86d53ba,9b74c2a9e8891049a7426122675ba14b28f56a9dba4e477677f7be739520ca07,6052f5ce0f262590a0196a4d9e282d5b200d40f9b17bdd9db9546864ee9de979
67f2164954d4122956382da0de4c0bcfba6ddce0685bfd1efc0b7f5ac0afd6a5,bbb5908c97a880eb318ca2ca7260f172e4bfc584ddee4ee0b5c947a57624bd66,ede04ed953612d87cefd801ba36070de2a57fa4473dc35638b53d2f265f977f0,290be53ebe1a8ad16b6620d747dded0160380f0915848654ecd1df9d32acfb6b,9e7f5aebf1efbb2b2732427d81c34e6ef13f6ba63c627e57b8f12136ec56c2f1
b2728a82d9b7f9cde6e77970540a85eeca6bc30bb4edd67ace22fd4911db8b6b,7ef99309f62d176914335326d395bdf0b9a8acb71ca0dfb5c55a1094b242d7d5,41dc9e1f2510de820397805bb78f7541e788dbed08ecb9af61e7f82e0b2fbc5a,54b5d822c8f904a1a02eaa053fc02aaca53116a1118ef0cdc6b369681c75626f,75e7bdc3b7cf98e08f34d52f2f5bd40eae71e3840d52f58cf113fbb2b06f15dc
5bd2489e13ce878f4046aa363f2333fa7196bc6a65d716438dadbbcd23343710,a4f562db54607c8eb3cff9b9b6fd3b3fb3847396c4984069d70e31d1bd605eaa,bfe368067fd63defc02a0368e12870ef4cfe886810609fb37aa30fd4b2cded05,91d63c57912ec3ce489a61225e70b914100b783618528ccf72cd5f14ec880bb0,547775eb250fe8f4f5e10312b7849b8dd610d4ac25222e35ff3d6bf7baffa3a4
aa8b24023efb31fff2ac53f82361f72a8d2763df56da7b202dd7a7b0c9ee85ae,a6b4844e93b1373cbec2f4c2b2855ec65adbd570b6fa16a8c225d0f19ead4346,39c3d663ac03af0a68ee87906b5505cc717313244970d9873600666221ee8448,a362d5d26c8812712046e2fc810d7cff7d78978cc12ed67ed8ec3238a452dd55,12aaa71b349457bcd9efecd224e2f6f8674fcfc8f9d6acf1f80d65400205978e
4ebac0c622262494699f15a22c4d7528ff7f7f3236ad94e390301f0dcca3d0c0,47e874682c984625e5e220711dfd8c3998aeb94a3a628609d23833921704bb29,ed54f02482eac365565ecf3d38f901ddd034699e78935d17cef7005cb594b8b0,61414de0ab2e5a9e9eaea8d280d9e8eaa52f8794b30f71a35a2be89c5b98c739,37e83358905c651e2b10fbfcc1b80eaf39629cf8e25dd8b2e0b267227908f7d7
5c4a29d86b72f53f69c09b87e20cbac3e92f2c6014d727dfa6870dbbb5528516,b986b363ae4aab4394061413920841e1f23f2cdbeb6e78064a6e48fb206ccdb2,10c84675cc25bec5c9dadaac20a179432d2a2db8c2bd3496b1d53af4829e2a31
01b49fed999c4c998b0c18b632d02001eea00f24f557a346ea59dfc18e15c6b9,424174e3889b6d956592a4d3eb91134b0ae57f00921831c759b8bb5622374f02,44cabb63bc06dea50ab10d9ae427548424994912d2b8becf68de06499a723a7f,00914cb8740bbc76b400f831271a53dbb64dbba888ec8733e21739d1022285c9,2a12b51ad7fd175e6701cf3018549006e5575977aadefc1f301657d9b06d19d8,1905e11423fbd2fdb1ea6d84f27e0062b87562ea0929ebd45e8052996afc926c,7a66ef8c98e098ad141061444eb1b94015a870a95323b6b44503134485c39d14,7dc110365620b989a2f0ffd4d8134fe83cc99f15a2d3719569c0305a9ad69321
365b4daf45f7306879fcf15eca4c579423746e517a31f3f8b3a6a7d30da46369,c32da2db8cb1b49f6a8a3f97bc4460ce876b9b69e21e4bb958da1570f6505b3e,b3599cebcbdfd7d2a2904d6468acc34611a30bd25e210dba372ceeb33888125f
9aa5a5520e227a8ef831d99406382600d46fe536c72666f218101b44ab96c319,5846c6672bde93163dd5a71c27b60f00358bed3d363af7937c4c109a1a7e1363,3eda2dad8e16d14fd30215c9cf8cd196e03f406688656dd66b6d3a0369d897fc,f10eee2ef126dbb8f2441211afce2f19975ee7e7c37b1ef1ee5a5f934fb010d0,5a7c2d529f07bd7da7cea15ce4da9c5ab8ea3acc8a692a82d60879448ae54945
9060299b10f692f32584d8dad305397ab71beca864c87ba87187d7104e7716ee,3ee6c8bd5dcc79688bff7afd5ce276b1283479cf22c7a373ea927b3e53f94888,aa2302ae39f24239fca45fd7d187e632aac506ea9bafe3ae3509053a9a81131b,b502f7a7e9d425eec741ce12e6739eeedb14cad03a8583557616aae3002235c8,c781d734ca791e1b214c20d7ac3e71c6bc3b8e05ff25de1ff2cf449917d2d2cc
8f5aa9ae1e5a0835bd89167d62137b12b5ad7ee793bd455faf7d995dc8b592fe,262bf656de33054fdbb2e24a131cad92a77af7edea2044c1838f4872d72e54e0,dfba6cc6430f43c32d1cf5ee2a3eaee2840d759495bff804fac19ac9cfef214f,cdd2976686bb736e849108a0920a317fde2a35e3ecbdacf46a65f72147acd187,3c9789b6e2c9194c797d84f332102a08db4b4b8125c69555acd30439c111bff9,3e52268855cfb340d98cb269a8bcf1d38444453b0fbd4f15f8d942746e29dda4,9c394b84ff2e7233e23d96e95fb1cfdbc36df7f09339388778efbdd02e9af96f,cc42ead571ae0d77c504cf22a04ff00664575450544183d46a375214bcd63041,3e2014c947470952daf054f9689da88bc2a437a74fc83ceaac7ea60e6d17ee5f,bd1a4ade5db90074d09fa54ee8fb3e911d049d9e9621f56173898591759ebea8,54f18255e98bcd116d7ec74d0e9efee7662c9225a3cca3caa076732b00b6fd14,30416b4cb4a4139465bb24a295e31731fcac2ca181d556f167fa304224f25824,c89c062eb43f0747ca6c4e33a671c14a65fa39481dd03e4bc41389d76470e48f,8395320833a7046f6eefebd3ed940f79610e870caf4f1395b012f2b7c4f8a46f,8941ae9ae1549235286ca755593ffb3c415825f2ddd0a17420d048366eea3253,4607fcbb04cd613769de2f3be15a0c8633f740e8e520d77c1477112fd1e3083c,00ff590f22fe4e0cf84286d2cf384168c45b0fba9e7d62f74b1bfc817023816e,857dd9e345791b656ea2384e4e4df0de8885634165c720fcd4dbe9d258375a01,fb38b53c4df87af8e3cee2bd771b35c58c0ad1ff0953682249f949160f231e46,6015cf8a615194e676325a66ddff37b9eaa12597b3dbd96bd1d9f4699ae601ac
67a3b6dbcbb73808a8533eaabe7aac2067610655a59f63781e5e4a37128a6815,91788b2c3baad12e176a56fbb446ad51b0696bc28645e5cb46f52391cf2c6517,6e467c3c751445eb3fdbd8734290a2ea46d5bf26d17bfee4a57a2160a6fe960d,21017c2fc9dd32dd76c6ce5c47d5864816fb51ed8b93decb4c5b6d3b3799e6cb,3066f6626b191d6fdf7cf4a1fb0526880d622cbcfb68150f13ed9bcd4a037b26
219770986765adbdfc4d6fc00dc93e2d06686c32896802d4f69bd411b1efbe6e,5395893344b06146ffab453bec60fa21b884fd458db007b2d49c976edcf702a2,acdcb9e08d41ff0be70125252259a799c6934cbad7c9ec59f9c9a1cc9fae12e9,2662b30c080fc3822dafc8b90e8745f8e8ffb18ab83d73ee62fcdafc3331048c,c52aca0233456d99855153d183e4551068337854f649f8263a510a707f623fcc
4f8dfdbc2e121f4fc62d01be8d668c79e60dfeac04f74cf940029b7804fc0f03,fbff91301bbd87e2f611e064158345b429b3e6f408bbc9d4ba8f935f59fd1c31,e5209db606630d1833a8d1dc53ba14a24714292da857f23ba6206f405c353794,f3e9791e539d67db390a6e73cb085f07e5e54db17e3293df4546bed61e7e5322,93f874eeeab4a4ac5c2d2458019666109233cf1b09a609fa257cf509f5bd3912,6d18dbf4b4e97f266acdb7c553fecb81f25faf78ef7cb4cc306c6f5b31b401d7,b197f375fea41a4187df7d4be4b37af08bb135622f2c00632b59b849cb0b3ba5,9c171fbaeb22834a0dc29d1f889a855a37bb47c29a4c957e9f404da44c3bbe3e,0d7def7a9cca69be6ddaac1310920ac773fb65e388e06632c938923e79a4e0b1,a4592b1c98f9de0fc5051c44852f57fbb286d82796be749efa03accb87e2ae51,38d5738e76dde0fa7705417d34068701a6b88a31f0110f539422d8b6b1e799c2,ecb454d75d4bbdff5ae728924f017eff5b1e225ee1d74da3ba279148905fa9dc,4ea70016e289c15cfabf40db2a6e9594940042a6fc9b90a7f05618615bae510d,9225d815718a8c5a6a2166ce1bbbed19cd369a8cee9614a723ec925e3728ba8c,952e034b3de8f864251f09c70240b3e3edc334ae573b09e34579f49d45300397,2b98e00509284e46475811bd4ce2ae7f0dfa169dac85099d463d1720cc9b3e30,5f2972f3491ec103534cbd80b40e780785788e2ee4a1be48e226150485db10b8,b5df84c12821943a2faad74c5db4ae31a93111b9c5860424ff8bf0ca71d925fc,4b8b885332e70dbe1520a94c43c006439961c2d846390607c281ccdbd55726e9,a1d5188b4480fb364ab669bd09208d7e611d4fe2860a76c24ca1324d4cea84b9,b20a36efa51529c47fb71ba1b10b4ecd336f169f8e69d01d63017ce98f3199ea,3c0b458e75763534b8175423b60dd01a112b9554546965cdd911c33bd763964c,48bc90cdf9dce4d2b2da50cdc12bf3e951be85e09d11f82e728c0c709b5b2379,b189604dc441f2c749d0fe7ea43d94a9a4e16c520361ee1c69dff5bee9d37f47,9b041b827a5581c6ccebc118d8d040c64637f4d07309ece31bbe7caef3a9c116,b7644d43af8376c02355baf647bf02b1a94a05416ba11a44eb1becaae0276cdc
79355b2abb41f4fc61b8c66f8dcf42a646e4e5e756e387e4f8f5699ff456873c,4613d01e81d5847b5d30dab6f3a40e50cca240f4d65edf222109816778d70b75,4667e2f8607a55effb9069c3bf96ac56edeb216f14eecb22f9e0bf806cd2f431,05f54d92b04577daa617acb8c6e52ed560a17aa490a1360ed3d6c6f166335a32,74910b445eb798783a506ea3135f8504a9f113497e839d71647b8dc921e7acb9
37f744e08603d370514a1f3e41a657ea3f9076e5faea7ddd3edd997cc6950fba,ede04ed953612d87cefd801ba36070de2a57fa4473dc35638b53d2f265f977f0,6c97dc8ce2d7e7afa5bee32a5403d5cfaf99a2e1e88bcded628fcae66d7272ae,4a1bff9fbdd8cf38964552b32712e58f566f711d91776bbd0ad966ca8125c3a5,401211168501ff0deeb2e9d5eaf62306b00057fa1a21bc07bcf9e58216b2403d
83a606fb026af78ff99b902ea95fdb485e37ca4470f772c032cd865b80fa720e,0da89f662aee1f3e662c7ec822622e99799e2c6091b0cadc0ef0f2d5d8b31b09,897f53f3e94acc520d4de21cc42c7dbcbc1ca847b673925e2cd7b83ea5604369
748cfa75ba9a7b9d8fd9673e425d504054d71fb9ce7d732656d1ce8dbe5d6a3b,6af96140a9d274b06c389a50562e63b0752e04490d4943a5432a830d7e6d9c80
b5e0f5b22fcc523da403f6ebf1e68b4c9c9d4561208f8015e7b3573a3c0f872d,baeccbf0345330083327125e9855be3438e3bb8f4b12abee9353bbe6d980f746,c038777b8c36b148fe32ffb4ca40590cf7fff13f25b5cb1bf79508309ddae419
b2029d5f5f2402d11abd9a008329f73346cebe769110440eb41641feb1d9764e,4df0e8f1dd93f707617fa5d4bd81745d96cfeba365dca622fc09f7ebcb03853a,39805b40f4f70ce88b9f8907631df55520dcf589f2ddeac0a2bfe3e150bb3962
cbc137a7a1c4fe8a8ff5858c6a585088712acb42cacb145ec59898dbfb20a1b8,14b7de764ebe96d7b3cec25a4b392ada784b2a0bc4b1b00f7554cb274d8ca396,519f500a7a0fc71212c601c4a0a5ac09e893d1ec60b3ea07c1b9d4317c4f6f4b,5d91eeb7ab47a123c93dde2a9afc9d0a5734368c437ba94b14ba7e464ce29c95,7641072f7d2f1221cdd43d196af80b09a72df431a496840cc5a747aa52a397ab
a6d05c919c3fb9a7e545d71ed6c06c20c0cc7cbf57ac0b6f079347869fd50721,b68ae993b52725723a16bcbb674e031346171cf1cc10b508342d5afd97e0ed5a,5670d80f16a78a1fc7634d76f1f553c490f2e409f98c21e153bc18a898b08344,78410ecc35636a182b0c342f42281d670fdb8ef68ffdeb79826faa995733dc54,93049b1a2185a3d34a6b1ff6298408c3930808b092839953a3ae05650e14cfc6,a8e2467ba4bc67ad26aae5a6ba662ca5c551a6e0ed74905e81da45dad2a4a458,538d84ce0e445ebb387986501f44387bd28e8d53eab6015678ef8195580ba523
1d22924bbe5dce7696e18d880482b63ce19ca0746f8671aaec865cce143f6e6f,e2945422d08b90767d3d4bd1cce9e1a282449153d683bbafcc0f74dd7587cb39,7e0b4f6f2f1f152c4c4045626ab242c450c9763fad5c687dd0997686dc78a622,745ffbe83fc251f95f4df984720e3e3fca9c19df48d833f32d45b8f2f412cdae,43a2cbcff5f4d245e5bf72a25135f00f6f0d7eb0eba38e75205ac82be97123bd,6082227db4d288e39eab53cd818a3443050b3e7485b2e0a23da1f9bb603b984f
91c7326afc491ee20376114d02ea53183b0ab11e97659798ed0436fed6d1b137,9c497edf9120ca444f2b5d87fb71b4573d95db3d773c228f3e828d49f684f3b5,a8ea681595d6c48bad71599ebc4edba59e36a33e276c925d6d3a70e3368161bc
cb4bd704d4aa02ee6228dd083384214ba50478c826777cfaefb4e2732b420ffc,0b61f61d6833d8125fa31ffe33ccdfeab54e014e8103a5d12ca9192cc90aea47,aa9eef66651286ac6b69bd124c184f903fd4e33b4b7973c483f5caa7b5b5e7a5,c923f6be3a295d81b9ad9f9e17506d5655363666541ccc91b8d3de17738b0a9f,8b68d50ff366ce9580dd177057e569a1aba16580d687906ede4db58b27641ab9
98a402d885cdb941dca8b45a4bbcbbe7f44ba62910d519bc1c2161dba117ebd2,aac91ce941045caf3d181455d4ccc5f2f5f55f48cd23bae9d5b66708c32a4bb2,d688868f0a748cf2ffeb8c24016ddcdf08a8d7b9248fc3ed71e8228dda51031d
524d1895a24e5ade1d034d9d9f3513900ff61c365f3c41aecdf6eef87bfc9a1a,b3203302479d41d39e13149ca61889718c94ecb0dbde03c893b8314030763fb8,3518e724457420c7f03f94b41550f1791373afb61dabe2f2d126516496615dd3,022fc6ce541d0f277eb241e0bc9c63c428186ab5e872919888b47d25b90cfda3,8d882e41b880775778c2ff40ea0c06040daa759800228fe5d7c3a1f9ddb60e41
a07009cea5058b8abcc7b3f3e36097118436eeb6eb39804c41884c4955a8f139,fe3c973e3875804fc9c07124d34d3a2897b110c706baf589d98e9d7ae6b8ea14,5377a80aa2705d6633d25a6dc5412701e8d7a5abb9c5143b96b4cf569e15d871,5e00c6b8442e07f7e7ba9f145a62de51d3d2178b0628df950a6430d302890888,bfa222e68a0bfce67bfea23ffaeca05e4a108d944490b3b10540f3b56c4ab0e1,7968b6abe0196ffeb75c95373fa9b9486499e8026b2c47c2da7fea278671327c,9da388e8a2970070d48978ef09620112a9ba8abf86d1d06360bd4c995d750096,f3827cb1a69b89a51c80c63224608b7096e72664d837c3e72d1faf7af40625c8,6756ce692939189bf15d5734553c712d0f9c38c2114f5a17cc8e1b3899b1f367,0b4b939addc4586a0d7921e5dabacb6d20ce3cb3182317df6fb74932ed5c5580,05ee5313592b58f2a0f76a947263d2da2e8a3fa0a41e6e375cc532c967fd8448,24038d9780bbf1558baf18f12ff042777c11966f55d625e4083ceb7d3d46c96a,7868d4e8ec62688fc5a9ba97c30bb67bab34b51fcb7484cfcd7ab61dfe92e291,070d330ded53ef17d7af73ee36731a35aaf2dd90554e3d1341e5ee9f254f03bf,a10cfb1700ab1223766bc3d332987fd9a2f91d65b822f12da85b93312d8f41e7,c4abb8100f9fc37a79bcb1d039b927da52cb6ef900848d41ea635cbb5c9f82e6,694be2effae12dfbb2325a32baa60e77e8213dc1fe7c8f0155b6fbe10c082001,96318813dc26040e0004e784447d7ed8e241e5507fc27287676de18954fffcec,3510131e64b4e11ed645b0bf0d94dd13e52cdba9c38fb0ebfc7ee1477f1f2311,7c38616fc92158f7cd39cc1c04663a4642bebc3e1db9ad3d6ca5807d3ce1fa4b,11bc7f51b91d4e3b874239c4ddd6bbddaaa58cf573b04c4ac11b74c77349afc8,d07b743f9e97b1df2a0b3d651d2788bbcf150278da4265a429cf573950fdce77
b3b42ab962c954729f2cb8a4381f840f3bbd419ef0a34077b41f11afb17dd4e6,457a6a55b0e8bb8a6711d886af04c65831898600560f0d137a0e426192770e5c,5eae4239e5896665bcb3152ac5e807e53f661cbf0a0c73c4573b299f2aecf748,9e46c84a2977eaa8b6578074ba1e2ebe1ebec4cb014eb4db97c04d1c31047992,8c5c8a87ff80c8f02ad136421ffe53f96d6f2a837d13e7eb23baf2046b603621
494845b22d27a359621461d84becbfe7838e2b193ea79d71ab9bad3cf95fd29e,078119c9faaa804c060f89821506b77712560ce88c8aab5d65ce0c43776062f8,68c599a795809e7a44a68d03feee28044c0698ee231bdaf181e190401e94249e,cbe482246f5404500dcefca7000a96c196704ccb70557f1dbe64098b00828beb,513e22e6b1dab9faa20a9f6d13c4ca9f2fbc26950b777ee918f630a850646bda
d0fab8fc3b1b1c301e3b916aaf93e74184f4a67ecf5c85a1538fcc23a50efbee,a93982195e0a80ffd3b988e0930b1f4b7c33fb2f75368708af27af1b2a2e1cf4,0bafb9c0fa6d0027d94c41fd6c720f0704b7b151df1e1aeefac5ede6802e6bcf,d93896e3afd8e2740d90278d44554c250cf798073e4d6cfb66e524f34aba3204,f643a81887b080f278ff00efc1d1b9838f41a7e7d220aaaa172dcf2cf2f12653
c6f5a5744b78586b3ba82422d7056975db1a472afb673c281a42374238fe6d73,5459102dddb1229cb1828c541bd38a27578a0593ff925a8ed8d50f35e2cc8a0e,e38d8dd3a5021386496fb1c3ffc6bedb01cd21ef789e4931e1c59f23651d4587,31cfd2910440a454ca6e681ce86a4d92a4200917c0d8fca73e018dd4739fc45f,9f1d35a51077a56a65511eb197a73e2d5ff96a3a33c77fccb3ed7603f2469ba5,6e3a890b76b71570c35ff07155c52b9e56010e2f8824ad21cd4594216b864817,c0d09d8ffbf33bbea289cc6f51a6d4f8d8c16df954ce2ba2f7c28d22d4c4d328,924cb4332df8aa36e63711375f523422a58a6796dc74687f9917e67de9a08a3a,a6dea275ac30a58d9d900bd22b0c8ee38d42c40df8b7d66d2460f5cc58c8d485,c89e2efa0897d9c27a051e7e47826bc3c978bc0d812141807ff97db1f87018f9,6428432ea46dff88a06266cb44e5616a06f761a81ba2b7a1c476d5d179794ad2
2036b3dc0ecd2378c5f26f0513ef862a834e4df213c4ea873767e27dbba1c686,c378439c07420372a0121406edec697f50d02806dbb81e378b243136a5eba608,901ad28ac7b7380fbb759c8cb71411a0cbb6589c7a545cd8d07e309e141d9010,03c0bb67b01e9587685fba38bbc655db5744b9fb9709964937dc92e870007989,bdc5a9a75d741c3eee5c59de7b3dfda9e7d2f0c3c5bea965fb334f16e3fd4ea0,5762083070d3b599e3f1e1620692116c36097f0ef18334c121ddd656c20c870b,86b5d5d1937288f0372a18d69b7ff30b17c453a744ed095baf34fa6b5138750d,2b5e92f726f262d47bc193e257af8fdf286397c3f61022d0930e10d199948123
71f2e1cc5b5cf17a1c769fd7e26a8477afeae9ab440dc8c0caf3919006eac580,70850bc29dd0dfbf18fd4e7a8901a7e41cf7ed35b8a4028414d869e0235e57d2
56d9bd48defd22f1c7ae0036a7dec89cbd5dc5509a924943b91b29165ea5d400,14953524320f89843408bf824d5f9edfdd17b8b7e2f0c7048c42a66a7a27766b,8c833fa0b92375be5c30e49e0d847f3cf16c51729175b99a69c46c2433768de6,4c574e98f4feb5163afa286ec1d00f6490b923635b2a894c98c962a8e465ce4d,f65413f3251dc942762fc578a91c97014625a45101c6f9138331893b541ae9d9,eba2aadd2b8d59ddb273aed119b588ddd92b98b498148d0853fa237f7d9d685e,dc0538f334365be65cb3c354715aa7b4442d2ead3fe5e59664b1feddd280ba87,9734fa86669dfee80cbb358b744fa753d75618dd834b2e6bb1758a2cc4f5bbc2,1daa727edaac15c19090fa8088edd558beeb367a93b812bbe37b4dcf6cf27843,22e760566583da5fc2f5e131f025a31d2a9c30e6b85ae9d4b5b2afc13d9d85cf,78c0c45c7a19c544591978e3ed14b88b62f9df1167aadace2cbed522d6f6ea59
a2438d9973db1eff97a5f4a3c72116a637180234a2c07e69a635bd2d8197b672,e19d2bad402539c4bcabf68133314d1f627f25f779fec0a4121e3dc04cfa24c2,113b449f8b850d4a7211807ae16dfd9e25734deead699bf2c3963a9796ab55d6,688b9bc1c462eaa095977ee9923bc6fcdae2aa58b56c5cb108e6bd5d2867b01c,7aefcf6204ee793905b0523b169e747f5d808ff63714e7e3139fb36019c8f478
cdee2026b093ead64f520732c7e3c53c06987b19b0745d49ec200a4457a1fb2d,eb7179d81638f0132ad857bbd0868410f2479f6cb662b475ece494b6b36d9363,43c1060aab426fa263a2736c0884ecd0f8584479a177e1308d540d273c2c2205,350343e6a5216b6b7b4b6c349af0dec89f985305b8ce7aaf90c47b29f21b998d,88ca72b17f520d7187736ac45ec2d1dee94b05ffd5191c57843c9cc9e3184155,ddd7ea846bde66bcc4ddf96aaa768a7c7f3553f4a0ce8777030cc7123b8411d9
b90c1ae0d602a2f14c20f2d760b3e6c305d8d1bb78637d63a319e00223f24253,fea38541a44b89af90a80147805af0d341da3f42bf225e6b6bd099bfbd14ce8c,3deab7f09279e5e4b9df828d054210d07fae68d5978a9442f0d8d79260a31032,81dd8d7bcbc47a2873e7fed9210d73ca43b65c81a515196bcf72ffb051c65bc9,86e7eef94e506fe99641a0fed5ae4635d8015291aaf29683f3415a88393e5d00
5aeb3cd24c37a62ae782e25e752c81e0717b43db6fea6cbae2c565257ce69b46,230dda3488b4f078fd6aa73b73f41a0ed8109fb9cc959866de67686c3409f4bd,bcfc9b7161a087013187b2fbfec63c3b8ab7f86c46f81ad82572755b245e0419,5dc365a690aea8a31beaea983a109340347679ad2ccb3fdce983eefe069b34cd,fa5ae093efdba4eaccd5c9aac9f74899e01ddbd6fdbea9f8a19175ecf525788b
800c82eb4e9de45d5a6eea8840c501435d7279a046ea0095be356e7c785bdac9,a2930dce28277afe16ed06760abd11b1af740649f649b4c04e57201df6c54b6e,d266cb7806232f2fce9fcfbbbb76beb69fe710c687006e4da933866762f83760,8659de82f3d69847e04d22a888a67eae44e0155551617ac6afa037e16137b261,395969d5e2abedfd80610d48502d32a143001357bfca4d7e737dc500816a19b0
6e15ec195a009b2df82c9b337f09f79ba34027703a20a49c831b92fbeb6aba92,a4ba8a7bb0603171ff1f81cdd9bdbed86bae21119cf91bbd1c2542512fc664e8,a33eac203c6833090a6b805718d14ce6939217197c5f01a6dc199ec0b1d4ae7d
b899b4d8776cf86d0551c9460fa3694bb7a8a90d8dafb9efbf5b2fc50eb05cd8,8b33c4db80b48bdae2ff373d9a41d18e45b112f43ba385610523f62041f38103,5619d9cd2e417b34d83d63fc274f32529dd0f0709d270c0b91616a27025f1fb2,11bc11002615c72b518245c915f3526eed1774331284c55a3d4e518fab55e603,7b765071e5bea197255f3003a195aa6c99e0e585a3b40ac163eec9bffaaa2089,2586fa5ddff5b8bacd50015b8105a4ee6cfa8a8e580926ebc1d91314f276a45e,e577829a6525ce64a743708bdda932351ea86b548d237fb9004822073e3e00f9,363de5cf64e8614930b3287f827483854faac8c8e42ecc688949190203bc2f0b,eda9a333f0a798023d38839ff7b3a645b4f226cc1fe95fe90dea4fef763d8ab8,9fd6c53e541020e3729cfda911c69209a55f33eb77f02b4190072eb38d37860d
30609fdcf782c935559c49fd0436c8d794b2b45d79c5413310779697fd04591b,29363237e343f361f84242d85fbe4925c9c5134975ea2d128ed4aa7496ca1ab8,ac9801f006195a1ada9b14f4948cd684708f3623767fcc7a346fdc29aab10f95,6a024102ce7d23ba4c0fd630481059fcbaf7da05c21d95f71c16de7efb0db596,39c41653a7b818d73a579d71c9916cdbb83901793d2d7961d445be17d7ce28fe,3d31d4e415c228a15690c8eead86bde4b94b4cc069d92a5ab8c6944d1e800dbc,9817823f94587e45669f3439bc160d146c49edfec61d3391143315a87b9e5935,f90b4c07cea8734dc6461588f7fca56a2ccd2170a408b8cb3a995c68d2d5c565,673808ded0e50cfebb9535dc2a952e1973cfa163ccf3b4918ae128c76f5bea2b
108ee8642a0a2d1594271627f804643debc1cca05dc2deb07dbaab30bae0ca85,0dec6a37e9d46ab566edf0e35fdee0a2b04099783e4d226c31d37b373b8673a0
b5e872bccd6e71a19a220d7d9de71ea34222b5117d967eb7090f18c962a4468b,0bca8106180ce4167f764acca0f768bb26c89a3e55f9f28cb4491254bfae961e,285c94d741f8a16e0f57246fea63ba70eaa22caa5e6a2d92329eef3b9acc19e8,73e7730dd504d650bd02f65f519b7eb0becff2e98a09f46bfc34b8c87f5b0aae,f8638d795de9d9629f7100c1cb00b17d564c53831b93473f167e74e5305769d7,f80f6aee73363d3314cb3036583233c572cb25c2108dd3dc1e100729e8c21a91,e36c72dc953965fff4a5316ef4d0c51b41a72b2058a6853f0ed29017574bc501,26b25ffcaaaccadd1d31859600c612a6da5e300360da3086fb9a3c22e189d805,436d9a6db67b982b75f54a46f3860d814341d1dea02126ad79eb6bd0c096ea7f,b3b83807fe3fd2ff2468fc8ebb53079db9123bc77907bf3a4984baf3a8e099e1,abb250bef75a8ed743b77879082cd49bd1ac9b182e2e35e55c1006c66708e49a,88cfdcc1cdb76bbceadd251ab91a7618b0a08c883098c2890c04f060b4fde988
07f63e65a9fa9bd371e84401a0233ee4c72d068037f7a422275829706127e317,146e7ba0ff0906001ed226818e7e5c7a3b169a75204d95a5e88c98e0e22a0a2a,1d209929cfb30090e57ef1af611c324bd9e82d91e8a5de489343a22a7a73ae5b,d58edc4e3d5bc7e239814a77fbd7d0fefe18f69e85513fbc902f12418f5576de,0066fd49cd041b713524e871c9ede319966f387228168d6e7996a5680d38cdae,955fda8d5dff30b5c66f24570ac9d4d40ee8fd825695414441e4e81a305bc994,693cc49a3feaa0f0e14b9c540bc3314411de8baca10a591215050000b94e5ea3,72cb7e6ff599cf8b1c04ff66233705a6e1928cec5b3170b1b52e0e4e6b1aaf29,dd6392f3809df518463dff503b5ebff2fdc9296388307963dbb4d0335bf9b316,908bc156808de3cbb24ee19c6eab59e245383162eebb1d0126ffef03d3178672,47d03b2eb2f0f33a2d94c7837a42123de87a28ce5864393e1759cfb5376f577a,85f1a52eb3053cdc7db89a6d6e48c707004f5fd3244fb1e4d2280be8dc4a8ed4,c1fc7156e914a5b11d7208dd9aa151c3f5ef7ea2d5594118839d41e6609ed6ac,664a8c97094ab52c42f778ad8136e313605dadd72acab9bb502d9037e03dd320,3ab052fdf83f080df4e9d06d2788a04dcca719cbbed0b8d548438a3419383388,733e1252da12f91195d6fef6c11269fd386cbaec89726b891b66297185afa7ad,aedb40581a2be9b38df749cea11aeb66a7cd2cee6926406358820d01e77fde8d,41a169784c1b5ed6bf2e1250b743313f8ce62f8ab4d73819de4837a9c4ab3480,cd1ac4f39ce88eb346a32042949ea18bcbbf58220257627b830193cecec82c04,6f06a74b151a1ac965b39d26e5a621534bd6e2f53e050b02a5a7eea59aeb4910,0750bc74fc478f743197417bb89620355ec2c023eaea2d17e45959ffa2be794e,8edc95b61df265fc6855ac6483090713152d8fcc64feb7a5506757d8d73cd446,a0ab3dab5e6e6e29808944ee56c0d785effac10516af060b8a841f67139f028e,d2a62c7365b0c89d54fa4ead4bc641bb984517a05a5b5ecdfd8f2abe98546826,9bc616934543d6fe815f514c6d44c3e942633ed7e2c4a2f5a071226ecc30568c,64d56278b542f73ef42d7a8d035621fda8cb03506d3d95e39806f6b7bf8b451d,6e76483caf2aafe9b5bf4dd041150ca4fc4228e0df262ea33baa0f101d072758,c8bb0f0e89e8008e093bb6e5525e7f97cfe72ba09810ed8863fdd8cf5b594094,41559ef2b84dc013494933303a046ea8c175d84711a1900840ecefe037d6c353,ed968b8d5eb17352046f262c96746e9bdd0ee533c64fdf317d4a3208735711e5,810d4a6c07b09b7b5b2d3ac31723e8313f3755efed2de89ccc66540dc3b7188b,46b88620c72070edb433b5fbaff148a0fcb8393d9fadf9e81c451a96d9cc334f,393d3b8600eee7a6973a3d950c7e9bd3d9b05033e3b43fd538192ef706edaaa4
38de60d097f55d16a36f4bb176532341a131ddd4d08d9f616804a3a691728c8d,c8b8c83d1f9798f69a8e46d70c335807369e1c6c7aadb8249d425a7aa418db2f,2866d432d56b5c1619cca1e6582b37d49bfea7539eb3db99057ca9ea97217dd3,43cfc6469afec15fb02c2e0fbf4b2365477137cdb398b6b8014ecadb9f394572,9ea3767775f42d1b788bd64369b46d6d4cf7c7db22adfc3a637b51665aaf6e2b,8fe723278ccc8742cee3c18a779b2cfe8055ad36ebc06c56c5384fecb47159d3,62e5a44b47341676e2f9a2eeb2e5277758ec6d7cf3f41702e439123513e9cba2,fbc08a0441eed8ed011caf4752f6f1c9482217dc2c944ef0e2eea5c07840c767,3318d440a1e6c1e4d386fff02abe00ca3bc289d6d51de51fa38c65a80ef323fb,d7d2e268d21bfd8ba9c5538d862016bcee64c62b14a48bc405c9875325eb5164
0bde53a1eb174ec846d27504535c3f344499a4b5b809744b9369d6e6cf717d55,5ab65860a7844d685f488124fdfad496e0519b71b869507f8a75415225c0bf4a,79d1fa49651647eefd1071b171fc7791c5e5c032348ef381c841db8f60c0f90e,e77325fa97abdbc98c34da75a35752f2b521af2ab8131e225287a7a2525cd171,38f881be45db7cd89e1f37f464f6771cb31c352ce2c7b1c235c2aa5f67e043bb,0eed4cca0739fe59a0545cb343eb30d28efef20163d81ffad5994d98fe3fa859,7b379029fa446bb4bcb1162ee82e37def4db5eeab3169795dcecb5e7d7b58f28,3873194439f959c4c618583f517caed2db33d1cc1851f45a141f9c0f2870290e,ae348b15d124ea2aa44637633535a262fb08b4032051226e98ff136479884dbc,56c77404ca65607f8a479ad9a661e509ee5b19d4551df06e1fcdcd783d7ae3f4,c4714a1d846d240187f1f383da466503be20bc2ca0c146c4f3f08337dea7124c,a3b617dc8455c3e8ec9ea49fd9e082040649197f3b15b1018a8a0d47a100058b,47733df30d430307dfe4ae6dc3567c58c2dad1b77bc8db5f14c80fcac896452d,ec2875b79c3a22440a59eacf2fb752849a72fbd9179dbad46fb09b4d83938fb4,00f8851ae7bd02dc52423cd9478168868cc2da39f3ff98fb2b94716470f5eec6,bb0c13de8ac906983facb3c8d7a5bff5bcaa7fb7eb761b779ef0b91044b0dc7d,e1d866a46eb0feb6d696ef9d05e85fe498dd91baa366f22083b9bbbead2d67ca,1bfbf4a746d80ffe16bf68f481c928bc0abc8bb85c350f5d9154eae05a2ab0b7,d5dfc5ee6b299eba6434bef999d87f0601e6ce560be38c74a2f53720e7a436c9,d2ddf9987da2cb14e6d1407234975cba1b26b34aa51eee0dc73ff7f08d3b8fa9
0e3ac31b8049d46d50f8a3d4a247c347fe169b556a612fa058f923e7d30a3a0f,57bbe67e1a1cdb46e907f10b71c5415e814ab1d8c6b5496c417ae0b2dc43469f,fc942c29df6afad31132c51f73b227f01418254a0a350eb8b15b7672d38d1a99
8bd4ba3a0ab8abef9d88bde44262571c43d985a157ddbea184b27c4840665d34,cbaabd68647888b47692e8d7bab7e5dadcf3412ace4bc089d45872378d34addc,bc3fbf16983dc90fee179a023e2468dd82a75b2c04ae0fc317167ae74948513a,28241a2937fdeaee3bca13e39c28dc2bd850ef2d6fbbd459500fc79229b00c51,9bf34a02564870ef4b04d3db78100e73f70a2e8d6ff003a98f9692d18a394884
be0467768b43e67852a4c202b5c87b30a2e45995fc95fdc70660f78eed954371,a00f601ee6cc910cc37b12f1a2b9639ef96501e3dffa6d41a251cdf4243c3f57,112548767525f881c1594863695c1576e22185ebbdcdd3ecbef150fae4874690,6a056f1fda18ac62bad8950663ab9ab34cec6669b14cc7bcfc6ed3c14de67311,cf24a7502568c9545f906c0ff65b2a4a52817e55f10990db5b305af8ccf65b37
12996210e63ced68eb3a40ee0befa62efe398af0ae970c4176c803842cb79138,0f6c2a089cd42d0c623e48affdd67849a884dba2d03f8e037c0585db279fff2a,99be837c309ec2c2b8cf78d368ad9a299f1046df148a7db704ac025eeffdedd3,1212ab59c7892063182dbe1b1a31eb0bcd6402a53b92a231464609fcd7ab47d6,71732ede22413f434602f023f73c5ef692d5e0353889bd742ee3db0cbb528401,04c9352586317e86c28163b4da67ea2523b1984d38bc2567e83285f5971afbdf,04d7358712842e8459d6e127cb0a93a6e6bb764d3f361f43d3aa1b78e45ee310
02b2f21b775e0d0930e1f9a8d11f196070de2aea96937f1d5e89a9573853716c,b139b67bc1722ad97bc12da892f77a5aa121b3b53dc7f650202d2863f2df8efd,1a220dc54ac9825ab6b7230f990c290705de99b6ffba63c6e8e80872135f1c0d,7a7e8ecfd3c767adf1346ac1271776f3c26d6ec47140b4a98be441ceb54e897f,de3ce3a23f3b9a04657e14add28f7b4e7be9eaf1875e439fc9ffcd7a63e1c444
c6eb43f2b7071bbfe893fc78419286c3cb7c83ce56517bd281db5e7478caf995,0ddedf9be9ddfa0a5ba7afd2b5fb0d5f9df633ba4962876998fff2aaefb28695,62c60ac02e8a05bc5b99cccdbcb6973bb6f290dc3a58019fa553d5612daa1dd4,942414b475ff3964b28057e2774db916760ee227feaffaa52efbb3965d2cd2cb
44322b281047d6446e3a45177d8444efc9a2c8846997b3663ba3f3eedbff2b90,f58ba900e040279338f5bbaaec454bbd42f43ceb69392cd2f59af4fc3bf09f31,c2db584a762c0a58e99e6393c4d952fab151cf640be0c12a2d281391065ea146
741684cfcbc861b076bd7561be29f8bd3f1814b9049034a0412601f786f0f0f0,adf858f82f5681c30a831a0178c298a29bdf6ac9f42b8bc73b1f993bbd01f2c4,95239584a2f6c15c827751db5cc480098dfce3bc65443ac4f989ae94a821f56a,200a6ea0ac1ea64c25ef9056bcd39ddac92f71d4d10e7869b26d4b8fd3ccc83f,f17573046b21f01aa18c08ea77a245c7ee92c3a3057f28e2415e90d8a5edf7e4,3fc8923ac8a6c142d500643f5d1c7905a941e490cd084f603af147fd8436cd62,55062042b8544c51bc3d01dc71b214eede3e0711d675791d9830c374c3760264,79ee664f6be49b07a0508049c414bcf3219c43dddfe071a5293d270d47191d7f
7016564df40a1da70a825bdee5e3a38addc2a24254befbb8a531bb33db4d1f1d,130b42f26121c9038bde2dc8ef4d5e3653c9d7d249947d0b63b718599db8c42a,3c43eff5cd00dee890047a60979eee4d87daac9088e8039a260f419125270991,32487d81772d7268a28d059f9c224120eff68f6fb4fb418cc131ee307cc1981f,0a90290206b27285da43838cbc4636c94575bad8a4be1ddbd8070aeb8767e75a
86db599b940395914eec598a20713c58abdad993491efd8cf83ac320e169a5a4,66ca7643307f7cb6b31cc546c10626110124a0bc35c3b549615b7b368ab1d178,233c6f19127daa7ab76402bc1269b6ea702c584813075ece277e71cf81d356a3,b724595e8af26d3e9c2f6924705c5cda6f2c1a847105ee57585205f458b4deb7,573690b3628040d70f87f1c7707e3e0809a22596181801db359ad91c43431b64
5e43837a72ff33168df7c877b07a3c89ad64b82a2719be1cd2601be552b07114,b9d53f374732cc2737175ee9e9e71f053f34062f979ec4121a60dac568d832bc
76700ea2ac1c626b86710b6a21201af187453bae33c94a1b7fee09f33becf007,693a1ff7ac09b3a82627a158f892bbf406c00bd721f097080f362d2ac3ee2177,67acf587eb20a5c70c82db6e5c666693cd64dc1f220e108aee07cb4ed64a4981,9378df2df91043e267d44ca34ec79f818b2362074109a5bf9ba1b8bb335f9f26,67ebc05eece4d0092e797c09f6f2b3921df53988b3774d1d9c5672216c837906
844748ef04e17f5c676b8fa07b8d73677df5f4a4b7038716ff6bb6ae92e9cc1e,cdaf11953e6d746f82f151b867ca5748b9f9f3c35c69f00b1d5bfc1a14601544,ed531834c218b5a18f9ce87f6c864524cdb0940627057b017ede9c57ee96863d,eea9b6252921e8f318877f7f37bdf1d894b890149fb193f4f26506d24e42aab7,46f309f748facde1bbcbedefc110fe06bf11bc5e10fa51ebf19a7e377c0396aa
981a029df46bd35171d5e6612d90231badb7b7069062a9dc7732d5ac5652e016,a0eda8d404da644cf40975c2b2cd414901dce6e8343cd4cd1ab0112aa62af41f,f12da454657f422021dc6be3a97582895a1388090056292496dfe862f303204a,80ea71e3368870bb5b2d05e838b2b19140e1e1a4914bf21c30d03aed454e5409,c289f8e1c41a1c191b0455e5d033bac7b70da1b6f8fe1ca7e320de0ae3a5f379,8256cb54b897a7612e203ad804ca5f21bd44b0d9fb42ec49964a19618a06bec2,ca3fc526fbe8a8c21a822f87f9b1525ca942e07730bd54a563919bd87ebea47e,758af836d965096966836b879dcc0352104b9d6df86bfb3dbdf62ae38af626a0,6c13aa54e85d97a5bcf0eb308113e7498708fd8bba3eda97b6a2217ebf70a4b0,070629d18af3e72d2a4b7928e11af2519fd3809f8d5ea718756d3d6c74d7594f
9737b0c4b294e79b33335144320f2bd4da20eb105f7221af1c5e573967071bb8,cf4ecd073466c8669473d424e4d6deb66885f99f7efbc0123a0a9970ba48ff30,ba939e0fb432861bde0a20a57d0ef12520a108fdc2116ff2d60e5679adbed570,151d0d4f28ceb29b911c97b1a83db8413d7ad7b047c86bdfd1a8a0bce42e162b,e43675187bb2735297016151c25e4347ac199b271f68476bf12f24d907e33373,40105608d1ab97953cf22e4b4021353dcd4097776843dd168053647a999dcf1b,b316a3e2b724c452e80feb017535989ea0fb395a5968ac9e4ca18b007f22527f,1111699eb64c948a8b6c855dbe3a6329563b10a42e1a20596dfb0957df17dc46,57be53abe3d8b03b06c2b189d278b7c4af39d7931aa4c8305c6c7beabbd634ed,9453cc01cfea81fa01012be8b5cf8902252a815327b18647ca6e3de798c06f9c,8410a8f5a8544327cefc273b13cf710e54447de9601e416c8002bdddce9d93c5
c59f8dc59083e7d4970ac68acae3c2f3eeff88563fa7630cfa49f93d02bb7402,229c40df149e0c5fcb711490a8debc4e50f08c4f838d2fced78f83da1cd0cd11,308c18a908a98aea70624c4c95a6cad599ca39060d6a98b6fd6c209113a43854,56ccffa067dbb6bc5040205c514d2103477cc1d3cefbc53c298e666c2237caec,c1314b93e78fa9bf7303f6ed4d630d344a810cadf15dcb8fd9134eea33104972,82940c1e6293185be013704257535e62bb486d408107416b280309bcf8f027bd,af49484b06860d5e2e8f73abd2eaf46a49b3dcb7b2f8bcbbea32b3c39c7e6861,6c70bde782aee49896d7a431952df33f23cd9f9a4be167857cce091a701e1150,059d46046de39dcc9f03289aa03d52901363fc9813b8ba96a7af67dc338c59d0,3f12d7d30c0c822544a81cc3f3b4b6ef53d96fe9eaa4783711f328e1ce4762a0,9f36a5f566aa0b4d7414fadf16450d8f4001720052ccd5dc4a8cdef11a5b2f6d
4f85637857f489cae9ab492c306b5c122a8efd826c258e0872d695d8160dcf11,660e6def10dc96f227667588ba444f483142d1db6f1060e23375f0cd3c06b39f,51eda2b3b04382d2c370e66827be7a3c433f69acb564920377a8227232b76906
85a60afed9b09e4beb337b80c1c2e8f9b47e5fc5177b0ec8f55828ef195cdfe5,0358e957f00a6c2b7bde7be57500cde266a59852425ebfc763406d7d24aedc8d,14b6515fd7caaef51ac25b28f4f7578f26a64c77c91e4d095b4359071de1bef9,d3ac5369d52adef293c21a4a8335f0b2a17261b9de9c1c1e3289fa971c79f80a,eff1df6063fa6b13ee58c29116ec85815e77726fe22525028671277c2bbfaa88,dd37cd82cef1c3c65b921fb103cc90e81e39f83030094b792e327590f9b6a6a0,67b9aa1615df4edaa9b56782fb1ffe5db7349c6e7834275838b817ec8034710f,8410a8f5a8544327cefc273b13cf710e54447de9601e416c8002bdddce9d93c5,058851e464790f5087cefcba715637a469ee21714f2916550b1ee726235bbe6c,1111699eb64c948a8b6c855dbe3a6329563b10a42e1a20596dfb0957df17dc46,8073631a843118cc50d34c1ed3761a486add7cc32e775489cc6ec28d47eae635
5d047388bcd88ad2a8287607ec528cb606bb341be1d7b1ffad9fb1ade1e579f2,50e9b51f1464c73a3705e04e9372785dacdc2bbcfda6b598bc800c03aa075b09,f008a06d60cc9196739d765e656a7e6cb51910deb9c3840de875ec23c91d7fb9,ccc7d8c8721294e723a5ad571a2c131fad4286227b3ccb93cf6f01e9ae171153,f51aa3e43017e80d54b8738bfa218150bd84e8819c3e162b4351eebfaf8784b0
8086177c3dde808994fdb741057fa0ef077379345cb385540189408f7c2d50c0,09bb11b75d15dcfd3cce96d25985f1aa211bc92196e8cf2b219baaabaf2b4718,ec1a0b2c5470617ca56cf6ce8421d7d1c1052f4de41e9df266c4df20a0de05f6
159c7e41e9223f6eff92b0227f378273a09630ed9eb4611918e95d710ba5c557,47cf52be41fe19e40dfd03b8fdc0b383e6c4a1b2abc9ed59380aae6d79cfbead,a1fa2dbe9e53a6ddf054a04a94b2cfe24ad875ba754e8f12855e0251e97c98be,b64d13ff484d8f5feaa4f82daf43415b67eff06bf07d5abfa4e980dadb2da908,de3a7a4d25ec9db2debb0c29d899b36918c45139add7719ee99dd6a804ae63de,f9a212262853d8b9f6ba03065dced303b0c2c3551c879810aba895fcec6f8cec,8c654e17cbe0076b01bf87faf4ed57d1697f8237efc8be07501dd477f8691dfe
143005f1bbc75ee6c8fbf0df67e0863430fbca6b0287b00f61cc296c1ad951b2,ea757df7b61072f88c39f9db82348bbf65fd0c9bdd6176982b12811ab7001bdf,efe817ed8246df2d785be66bb383daf4bcf8a554bd6f61d82597fcd7dd6ffb75,9020ab46c671c7cd92f656bf613395fe8882dfc1bcc235055ef16840da565e01
5b0178010b1942055da5fda8a794b521580f963f97cdd2d159737ea3067cd5b1,d965a57ab1b2d0db6ebb06a14db1e83cd17552ccbfc5c9f771b007b89f529853,6fe670a17abfdec0b31ecfbfa54ac7849b8c1358f9dd591a07328134f18fb21e,42c109bdb8dd4154441174d9a3df9d254faaee82960d0fed8c98651fb777f0ed,7ce13815f5e5b83b414aefd1e2ce3c0ada9a24d66da836a999c0a6bc82468f43,a0d3fa6a3e7298e9c2889ca6886ad2661a723ade563353724ad368d894546224,1ae6d207d68cbe031fc259574f7770e95226215f0bb5fef50e4492a62df2421a
08cb0cab276ab0f339ef0f5e1988240d1c181c23b228f8ce016ae7473917a289,4b445753cd16e9b786c40371571ae3414debdf9368813903c662b34fa0269956,ee711a53c9b605ecba6c572a13c08b73cf4987c34d8663da50531d2c99ef4c8d,2eb5d9897bef26c47f459339fbe4079af0d966a482368be0cb0dbb01a438835b,b37f599d1265adf9c26b32a2ad83a7726616b61238aff609b698952a1a7e363f,c8beed27446471b8a21a3dc3afb0b092ba3ea252c3e285e044237600b9e7c754,68beaf8cab80d78a5f8de0c8eef2e4cc4fa9b73e12783dacb0f931bf3c6b9f4e,8cf068e3bb954732cd2460f738874402b7f8023597befa061593915d0fca1b23,2010eacd7330b4c3e7c8cd8f8a5f4ce03827ad0c3a7f4d05435155a7ff99ed5c,b0467ddfba2a1536b2890b52ea6b3d5f6f12ae79bcfdc6c62931ec9ed0cbbd62,52c85bb27c9db811f525e6352791b46847dad99b57569d569914fa33d55bd8af
3a34d4fc18a93e8105ba1ee602673dd0245e087c26943cd7d4beb1f27edb0f88,4febaf12601c0d7023318fc4da65a379ed5eea00a243829295bcf5c38ebfa17c,eef07c730fbc813132b9fa42359e4027739ac1835ca5ae612134d337fa360bec,ae81164912cc02a0319a45b26ec6ebf93f425bfda4f4087f42c72fa63937aa59,41d4e45ec471e3645fcbeccc83c04a17707b85730802955a416740f5fe9f9ebe,afa0295e2d7ecebc1c14aa09b957c4457f2c47644f27df36ad81848b19f513a1,b74784a834c9f714c5ef49ca72aa074f78230a585cbe18a88859d0e221181c1d,f6ab56128a59d3c33f47546a54866b986ddeb6eccb99e17a3ab608dfdc82e915
015b473e1d56054bed16899430ea95f9ac940a45ab0ec4888a119279667e7916,356e5b7a5c8ff8e55f14d389f6fbd6d3a88370096645e5e84990ea277689f53a,e0bf800eae8108a7130ec0ea013785f12fa86b584f7064c869570c440a170dda
1f1cffbb7f997aad7ce4129c8b508411eecc8ebfd1d745641483b8328e75c787,d3da08c68eefed47ce20d4e8c1fff2a6bd3781d232c7446942fce4d88d90fc64,3d022db424de641e4edcc6091266cf765b3281523646974fe7d70aed9fdf169f,91bf63740720f3a0e9fa383c6a9b2359a2868dd4121bef0009d202fbc0af9808,208303772e461aafd0e4ea953e629b672cbe59fb6beb70e2b5c54b216d88a39c,c253c3fdfcac9a53aaae65f2e7c6442d07df95d196d457cf2b8394b134707d82,80c454d1fbf4d6fff2c9c7a6259d103595ed03d9396a65cfe7c9a3bfd9986f22
cd31b23d8b81058a797833655cb26fddadf6c81a299ab190409b08771ae82806,f531f47cfdb296023ff335c5e28c6094bac3b9e0db440d24a7f5e8ed439a124d,15804337ef84de934a662d26ac4bc14ffa7fcbf63820806552644ccc8a98e187,50082adc8d056b016f6a774a8460a9c0192a7954596b3cfcbf6303c5fc47ab8a,48916b558f3ff8d177de49bd9c8c89e121da63a49cb670fb02f3650bdc713eeb,75b86623035a05894aef8e32e2c1c9f74d7c7eb76b170436d9e6c1890eea3e92,3d10ba58fd08bf56cead67d96bebb6db3490f4822f24f090c908ca5236082a9e,bbbcabd772545fc0e865fc65f4de0c6e6ec43422b64152a9eb09fa5c80a2bd06,d3b3f2579d8117df967da2b5e628af1d5b718aa031f27d855fa31a08a092e3d9
844bd3f253433ee713fd1b0b8f09db675b3b257c3677723a57713a547c6de177,f0336c6a0c4d040ac204ed72dd6db8ff3c88bb206942a3c2952f9160654f7900,eef16b24ff985a6367bb5d66f0263f9739aa874cbb5fccaa2c0c3ca734497d2a,a67daf4795fad96f851cd8aebe984a5f258c76e366810175c945e7997ab446e4,fcda59a029cea1a2aecb6d6409c3ac6596183414f18c692d02d908449c534cb7,c46bc62d8009ede8c13c8b277ced6fd2b24bb1813e149c64f821ea50bfa4f07e,6a584c066b9743bc3a53898eb574d29e03fbe859398a9bab4247674a745caa74,9c13cda23314e17a816dab200396b7950b562d7fbd40b9164c905b64faa50ee6
c1a94e9fd0a6bda7e5ead89d8ef9ee064aeccdaf65238bf604f33e987a8656b9,a64a3d32a3d5761e9c762b6b56306b6db7bd245bf7944fb07db4f94782cb894e,ae9ba9f53021e38b20291f0cdb30bdd9757e83b449c8ca05ea0eae6129d204a5,e9641760fc4a5f8748c3dbecfce1646f290dd5aeaed78fd01f86ab1665b572ec,1e04495032bceb36ac8bb1b9ab6f2af9a8498c6a4a185c630af248059b059298,857123c28a94ddcaa5e75ff56551af45526663a69debe8bf6b6a3cd6497114dc,405fea0fb92714a50e41f99b3331c82249831c0932cf22fbd0050fa0b6493dac,3293873fe180da7031b41ead61f3590c6815524dfcac00765ccf07a99c128f46,16052036b4ade3f8dcc59da0ecafd3c2dd058609053ec204e3efe24d37991c1d,7cf96a36b1b3168f54c99928a99947087a96b7038c430b2bab41c4e66f4781bb,89a42e9f8fb24f73876099b6389ced988265ce74e7781fba89070c065d7dbf88,8f9f51e5d7850bfd52d570ed9df75c26b4eab1f62cb2bd5a8c1d11e922e19880,70b3e236287f9ec33bb7846bfb2b3f7d05384fb4ae5872eecda24a0e8b0f8c85,77d8d2af43a9ea77ed20e176268cc58445f0a1fb2ec16eca257776dfa7c9fd22,dd2fd55721756308717db89e588d44e86887d5258ec657d68c70e9b78962c7b5,243f20f567a5bc578bede2a03515f1fd2756eb9c50d1c1aa9f48b0f13d438e83
3b304f35fbb4da0137a0f2238ec7b007b7d693d28bf0da9fb205a25282c16155,55a01afb5f37960fab76fa45dba93ea93442b596b353485e0528c86eca250947,d056271698f0ae34985716330fdf9f419b2681b89b6fc99053bf68a6cf2493f5,763bb9831db521e598062e6cf9c358c7c05bd1f4eef9493039d37f80e197151d,0b7ddb09a7f36c3cd8b1ddf82cdfa5a11b6ee6b7d3e1cf5944c653a289117fd8,caab3d37d8264f425beb5ac38cc61160f8424144f5c0b06a69f84677038d9ae3,f3b1263075f04e22f923af16fee493b545ce976f66f101cd052ea9e91adfed70,abd713bca5460e97188fba09cb0a0ef7b42dc069eed28ac066a335694dd9dc17,c6a02738489c90c8988dd0bce5073a8de0c5fb58a94a33f90e3e138b6f83d889,f48ce46faefe7c83d5223beab224e31bce7a0532664611b85f89eba2a62dd097,dfe4c13ff18f0aa7ff7b34016e4595881234b27f1873495cdfc18179c8b937f6,9cfdb5f92616cdef1892f54a4927087415a84c15fd463312127b286d287422bd,2f052aac42bd27e2f00d2e0f6921ee8c5bf5bac9b7e3fe558b68fad10938e269,eb1dca412c93d43cb0fca3dcbd5fd6671ce2d38e64f949ad6767264201b8a9d4,98fba9284f6836f51f9ade44e6d5252d6e0ea7198122f424d3c94204697f522b
91ee43dd05dbd70f48e15b5ed6265994089477ebc79dce1b896cebf4452d3bc1,c9d5356ce2a516b4510dc9b92644460b5ef15f99ec984b776f28b0a60c34e10f,5253c77d8685350991f4caa1ea08cd521a175355ad9f00ac10df6db380d40958,295bb3b284c3eeaf2a2a2ac2589384d0b870ee71031adbb5cb5406fa791c95dd,d4fe8b4821facfa572d89f38ba610c08b8cd3041046ee97e2b0f50327865c63a,ea2317a02321b9f45beb5542590cf85a8f09b02cbd630ac31560cadb61a3cd43
0fd6164f1488c2311ace48620b863c1497e4e8b674307f04f32d4ceb49cab482,c30dbf6b6ece5a4035130828957c800f7048a14dd10cb849550848e26194f107,ffd8c9530b8afc49c1f351cdce839db70087bc3f93b3a24ae902b85fb72769ba,3affd3ab61237c5c02673b5f8e9dd127058e09df76ef682e097e4e2a29ecc75e
5b414b2a3360a7be2c4b1d7c298e7795229e87a80099f7177dedf261ae00843f,3466bd9a14e3284434f74f69324a987bf018999d3f1d19530435b130f1e4b906,f3b8d7ce3eb9bd4cdf2741f21c9b78cdd252a2fad3cc03a0029cf822909e5138,cc1ac2215d6eb1d339469697b465c62e86f18a66a1dc23f8b6f7df76f06ae1de,9093caf05a7a0736dcc5eec049f7ce82ccb46fc4eefd17a79ee5c6083b37f533,5a1b3aa6b38259af691c1b4a96fb59bd252fd442335f590e255fdef4e182ea96
a9ab7fce522a30fa74f245b0226d0f2ebe454e8a0b4365b3551cff89d6e9e2b6,150b1365f42352776f4e04c19e4709148b61703ac93cfde16899e809c1ea2455,70e6edbb462aaa0ca3f86561e35783cddab67f0b648ce4b5f7e7e92d74601ed6,605450218dcb4944f9e9bc388467f2a1fc364f0a993d9dabec044de6d1d3944a,7f83cd503a72421282b205556e6c838e8e21c2cd05434bb14763f9f119297ccb,b08ac89137e79956b433655c23e3e24d95f570a2a1526548aa8514d7f53cb19f,81e31f07bfd7031fcafb8208095575f4f136c90fba8b79379d3f055505ccfcbc,74274739ff6570de138263ed5bfa1c821280bfc163037f7bca1362ff9f87dd52,74e66ef5070633454d1ee81ea61bea79b80191239d682b9b3a4a1a0b1c4c5851,d42d4f044031628ada965d30c92cb25f9292f70c1a02bfc91838bd9f878a9467,0747403f1695aa7f93ca6274bcde3752331467daf8421badc383ca3a3804a6d0,397e6e023f80f7cedd776f9eb3f720421382d04e7ba279b8c0b91252cdb9c887,c4ba718b029caacbf0ce5021f4572453968518ad9e7bf750600968f3d152fdfd,e9a5c83157e7925ac3fddd7e9eb52459be1fbf77d7dd0d1057eec4c44028c214,78796ce6b1da5cb2cad86fe8d9d71877fd38e3c23d7c546b8e4373ba332efee5,54cec8bdca7a9907bfaf45b64b098e7a264ba335cbd070aed6d2328d7444444d,3dc65f2d3ff6d8323c384ac785233ec1f7251cc0499809d0b4fafc767d7eafe6,b3c7904bb16c123aa348eadc8bfe60937d685a35c6acf402f33bea2ea38a32d9,6d2d2c69927794164583b4bba66a26a178faa415975ba5e42e7df0f12db92184,6df80b53d58f4980ab80541aba3623c83865efe70bc965764fc18e449b8571c8,8eadc54c3783fd47c25875e05898207e23b7269961c80e1d2c09383b868b0bd2,2da4f95c0c4c1de2efe3ca760aa48c06cf6cadc2ad0d69aad8993c8a87a6a626,1989008325631eb62ff0593433fbdeb5d0738ce5ae5b7bfda053aecc209a01de,445cee7ff42e9557b3484e3134675e3e51fc7a94649ff58bffcbb58b4ad8b0eb,0c18885db2c54b9de0354594fdd2f9be415bd64d2c591625fa5db645dc7780bc
c2236e4159e14623214c9f22eb8b373ae47c20cef126398b7ec2d11ddf7133cb,0ac7ef60b902ee050ae5d724ce93168aa6397ec25b6842841e6f70032d00f619,03c6011db3eca406d3379ce670f39b941173a694e95b3c544c881a32b137eb9c,f75563b7234270e90888a8002e8dc679b09efda7b0dcd63ff622bebde060a6bd,8b38c540c8a232e9c210587cc3d676f9acfbaf6cff530bec7ce769a311a346e9
b7d3f073a7d562761975c9800e50a3b63c682da7ad91edf3800ed303f2bf4396,383a41fa44067698f9ee4fc20cba75df9c11d1d877fc90dde643c4900b10ca75,e9b3303295cae1d74730b669ab262557fb9103bf4354478711bbdd693159f58e,efe486e772b3ffe509c23430e52eb419543f9ecbeeb1f6dffd4d5bb8e0ae80fa,3e78f7829e337dd5379c88d3b4ee27c1edd3e58617e1e941d7450f7df55a363f,4176becde349e34d2e54611c5dcab35ed09c648c1196ddbcfaf8aebe09e850c4,9aedf41e597dccdb94f2e59fa9300d8e82ccf00ae95b8a3457c06d93f5fa94e1,de93281adb5b710b0f12b835c82db54b2459c352b48741f9582459e944ab7fa8,5fc2dd9cdbde719b2fa3e3e531fd4f334de1b68346789998e38b571da15c80ad
1a76595f4e09d4bc03a5f77bb3b235c6a0974975e21da85e0c767cf84ae096a9,4c9df57fe14994a3cf1e64513553b1f529ff35f9bce489764b9ea2094741b970,3319bd809b2f70b5dd434d2b8f0c03bed3cb0f235ce92e904be9fc803d1617ec,7cc80b739ce84981765361e5c90da3c4ad2d62ebc86ef6a7fb8485240cbca753,3850c85dca4391c17f86cb768b5eeaf2bb25af94e6beebeb91cb224616a8a19c,42757a0680c83890f1f6de594ade1a8734e72b1c55705cc54dbb46dca5430612,a9a1a47b402607b673fa1b30c803905efcec5dd5b263bd4ed25553b4cd203d44
2ac82a046d95c71dd6ab5b05161cbd8ec9b024d458ec35fa03d608a4375be0ba,0fa2061688672decee53621afcf1b04142f67dbe503382c5d04e4801ca452e65,ff165312b9c3f0d0770bfdd8e07f0d7715f50308b4a4dcd491eff2af6a8bddc8,f718e085611dc1dedd5216231f092112bf3adafd66cd848a637906ca2dab6ade,e600b60f0de953ba4c08cb7d6aadb56e8155b7a06a19dbfccea63508affc81a3,fae006462e1ac02fae2445c3b908c3b8f2edc88ecf775cc98d226c37c9834876,b65934555e71fdd28d04359e6db59afbcb7d151c4c28d8bdae11c8daaec6e322,559c139ce6e10aab8bcdcee22a579f837adcf2750a0f2f6f267cae2116216820,7085a794ca8d2cdc80413dcc06b2ee212c9c8835536901a666d76eff474384ae,53b5bb47bef0eb494510b9574f5e1110def142a0aa98a89bbec235d669eba29a,68125d77ea09ba5da4a96dd66a6593451d04c1ff529ff8a20c99262aac913ef9,d393733fd9d9a270937795961bc0b8cc65e8e308fbe0e58b8f6fbce2ce494e6e,ddbc279c9114e4a5d429861efe91fcfd9b1a8bd660423f3484c62d3ccae7b884,aaba170fdeee0ead04b9745c09229d6c712d7009f91e4e69042919fc549a1f65,72e4d8c22d20097455608b85300d14423bbbdb6c216aa801cb9b773a22b78b23,e9afc14b2abe633945d7bb33aa0b68a19bdd68ca5fa953fe7e36c3779990c06a
c2b2c2bea89caeb6929c4615c4b866dc7cf4640bfaac182001185317846121eb,16c45673a4a05d4cf038b9fabcbcae040032363fb4df5d0b3b01d57375af6172,d3958c190da2dd8db00efa1dc29022990187cefb715306123a88e22f4363a48c,7e0dd939901657172dc723addb11ed84feffe3643c31950bb5bc12284942831e,12f45d916262934bc58241d9e4c6a93bbddf2d953cb6951f10ad95c496947260,7d755100a3c5ee21745a9a206f673746ff26f6605ad4a721ae81e4fbc699c888,1c1e88c14301ff544aded3c56c3352eea0493440fbe40efccf2aa29bbecf3c21,f2b7c0a1e5fbdb0752eea8cfd21f46e3ad0ac0deae7a8040478375c3764fec15
02af2eef6bef09822756db10f8fcc6e15f6bd034bb1cadd3fbf1737bcf0604db,3cb4031c39061eaf6ad1cf8d1b16b8a6892250970bd1789bf500ef100cea365a,06f763262e4e1e3b04daf0445799a1e751e8f41e1f3505bf4a0f20ff90bdc77c,d53bc491f61bdbbc29f851a4e3408da61405df787a280eb178daf53f0b4c7ad1,1298279f729fac6ef893d8d62801bb2f2dcad4cc811cad7d667d4ac5bd3e318d,138d3a3763ecc97a0ce2842318f06fb811365f0b1039fcacc89dcf8c971e7598,dea91be452bfab40ccc98cc0d2bb69bc6a68d27e5c79a74aade3de2c67c93883
2b98c78da2192847954a16e3e9a9adbd20c626fc87aee6e543f968fc2cbe306f,173d99b198f3d331145da7f8c612d5aa985339734d446dbd0f85ee8ddba62b61,38758c50dbb1767cf552fa34dab8d8c5ccb39a99b933df73d81a16732cb46e08,0555b990d113c56ffba36e6f14a90a12bc1431a6677cdd2b7a1942e4096ddb26,dd6f4061e26b2b85d3648cb5a608d69adc0fdda4bb725c8325f6b00510bfdf04,f87f31d5d00a00f193690251a1ee052df8f4bff5b9b828ac4409e0b0d16182af,169495523febc8718b81463ffe7fe032b0cbb8165f2b8c15d2e2e27d3965c49e
6e166248d6def2c32f63af47640f3cec5f681a9c5b4a3bffb28fbf4c5c3dce51,fe7f2d7226fa9a0a30bc27eb99a7411da5be9d9159b99093f0c0fc43b493c584,94978b17923d11f3b1745cd151450762630ad42ddf145a40fb00dbfcacfa097f,0bc7ae43f0f52b158039cd73c6716d572de70b54cba737994dcc3f5d7b9330fc,aa0bffbd4b839f404ee153504631cf48161c095e0b341ff8f5b8d4898ad8d9fc,4d161da59b5382daaf15fc813debee5665b4addf0d5d16bd7bd518c89a7387ed,13ebde89b63c7dcc50291d7fecda5bf4aa7b696a3c018832c7a5300f4c339b1a,92be132f9e996949f125a717c3ef33ffd652a751129c212ac96bea0625d652f9,f2f461c2530a47a0bd83c39d608b7474a4e35bda1ca8837b53732b7a3b3f6296
ca3d346f46d8717a9c5bc44e10ad56cd8c7dd720d3c600c4e13eabcc7d09ce0c,6d24e8e431431d14ac9dd3f35e4d8ff67a20d97e3ea4b40296fac1d9243c19eb
44f77e9b481bb35f03b9ba14b5413d4ad03cbba654235b6881122c82d5d6901e,ca323c6798be7393169ce6ba634a9cd48b25c3f867e0b46e6e43f2d26298c8a3,cff48ceb1f6a7a632cd72d54c52f7d369445268b2e3b6c63ae83faeb815cbf27
7551a62418b28443b7e9389152e93d5c1297ce577fcac89101711d2fda03580f,bfda8bc47f478a7dcf5fcd1c8b80b7969ac33c5811ef678bea94054e70bc94f2,9349d11c16ad6301b58f5ee5bc276b21e2b5ff99e072f8ccaa692bd615ac1a51,a9366b86ea3b87964cc874b4a3fa929aff60f4244bf5fbd1f08b609c8f1af5a6,779cd2aedcf8ef424d79fd1ac49fffb815481cb9d908fc6aec6f95b4cff368d7
33ce05057e30af01826cd3132b99604a4a2de837f0706718a7ac4bf0c94efcac,cc5b9be5539800af135373cdf3ebbc2aa4bd15dbda34e5eb54734effc322b6f5,c051d965a6fce320a63c3a3df702190f5a43da8b96e4ae5b742d23aa853e462a,e761affd85dd6d6104922d8b63cffabc6634307069173b7e3b27fe7685338bf8,20e54d4c8b186385493117a4912d9f4dc2f442a5c484765a5ff657501027785d,691c2522599076cb8e5708443be0b0d447c210dc3daed9f86c8060c05c3f2f68
b0d90c2d4581aa100bc7ed1dae661711d95af1afa6f76e52bba6a5606f2041d1,2116bd79548ac9954b130b8724d3b153863c4f77dddd858daf4965794e6a2481,7b8e7aa56ed6f3ecb49294811fa56e85d0a3b05f403c0eeb7050f51961c18e0b
a6696f4bc5a47d0d8b6d8e86761cde93e8ab3481ef7f2055da179fd9d964acbe,15af93fd0cb4ed01fde1eca8f6f0f7686a4fbb4b4c1a5a7da304cf8bb67ba774,c3958964965e05a43d69e2973091e0025a9a9b19d063a859edee783397db5e01,f63f3c3b7c1bd66fb666bcbcd8dcbea4bb0baae7d47675aa757585a15920d75c
1b6651756f5d460cc30fb618e61ff04582c24ddbafe55288897a3444bd4d827d,28b2eb82b67279dd5c0bb98700525c5a8b44fb5d2adc9c8bface42b217f8d4f9
3856d9ba4127645c7ad1326a3053c26de1f96436361b4348e35425fd6c7911a2,84f7592b405901202a599e9dafe81f42549484d339b3052431a0796722f0a5ba,f9efa70eaa5284a00709b96c888d379d044c7d4c13cad12d78825a7f02c86ec3,2f5094ca6eaf6078ab8709a07b3ae542af4a1ac77be4209f94698b08216b0123,537813ac05eafd0b02550bc5dd440305ef830c9d234531c946884e658b98f69c,9f7b085fc1b0377e05c00dffca38660ff0e0144e6693a6dedda79e9d9092ad6c,319a48e523fdb31d24b03e7dcec76bfb840f541250576157e39a70db1f8840ca,d0ad29e2001e17d9b8de6601109f710825d069c22a0e72545a807e27cfe2a890,fca4e3014e63ecbeda8c14fd6044e54a256ed9658b18cc3559efdef6907b348d,3055bb361bd99fe7416968785fd8e8705bfee6d77874fa43a5254a5a908402a8,6e2a6735c2fbd751c7caa52e007066d91372d26fccc131a7864dac6d76121dc5,658190d20e526f328f2a504f0d21791701b257806190695773173ec6ac107b90,0316fdde692fe0defa88b815380507477f5ddae98b8f4ccd6d6e099bd3df2632,54085d0ea565dfe8e6902be4791262901a6ffe43495c51dc72c0322545eeabe3,5be36c3ba432a581f8aa5920468de64d395eec5c7143a256eba0f7dbb7d4ce8a,fc03bc0260c28bbb0728877c5b8e93eb6056badd05279f78507c4dd53ff392bf,235039a5cf78f111e2f956fd73621d3a1b26728ea2857160fd30a5213e81c5fe
07829d50ee4abb938877368d851720173b81a4fba741d4395e49ed4d2168ba6f,f6f190a599cf07de6af933a8377c6b0bfd4941c186d47ff4fccd585b96e143f9
08dd0de5632330abc89be6bca96df544bddfadee3ab0454d3b6b313973ac5aae,1cdb594e29410fe062765f49171dc2724d9bd082231476e9904aa9a60c8972d4,224034a27aca50dd6e96266b16352b955cf06abb5e41a52bf886166055d33a47,2e31f1eeee6b285fa2f391dfaa72a6561a007f537b5aef27d32b524ecf3e2e41,fea93712a763a2e097bc81a398fb902a2f314a15c1089d1afeb9512b47d9e653,b82eeea219a6c12433e0cc9884527222b7e832641c7d5227bc0ec4aaf70d0f1c,d196d042bbf32b0bfbdf710b6aba27dfc9e09c5c1b1a90625f1de8a39795a46f,374945ec2249c77a738a63ad297aa8dfdd514b92779663c30da2a12b65e61586,ef936f72b712c7888c4a8dac8eb7014c5d22407cf11dcfe5476350ce18c7d4aa
0a394ec6d7c750349a54d4893b83df31072900e804ce4845dcae763348c2e187,9e8a45ca209ba599ba0c278d603aa34999a1d1641fa2543d5d4b7b8ff3b77eb2,5d24072eb1f68680df82c1593daad03d6db23a546d990b100dae339b9a0ee79e,3cf145096c066f7a0308e03c7bf7368fc8bf7d7bd35100397fb9e73dc55812f6
79a3bc6da45243355a920082dc67da0febf19379c25c721c43fd6b3f83ff4ef4,60dd0f38908d9ddd00e7f2b430183c60d4374a1002199cb1f2abab5e7fbdbe97
278ec1d6a3c02e7d51ab75aa5d943272c814f74c4609d13531e29261459972ae,8f36cc99c3cb516cbd0e32891c3199ed5b4c95653ccaf76d76054cba6b29baf2,6dccad4e862cb56f60fca52db7ba2fd2c86a0545382e8349fa8373e4e43382f4,bfe2375fefbb4f435186396f5458341fae0af193d398cd10dfe3ad7af0a3b406,f9f9af2a071851ef0f9d6a0400cf8847e689e227e1be1fba7deca2cb7b8e4657,f1f4193b1f907fb2dd2abcc40c987e0e95c86cf6ac8437212d66ec5ebfc5be4e
1371b0638c81821721a090e8a2fb3b671fc1b7b5b6ec300c5b3bccb0013f21b6,626e97e605b204dabfc6a037b8f9b660009b6fc8dc608ff5e6e8bf973f1a9031,d46f28346905d184e533ee0dee0128332630374a679c68ec03ee61ecaabed2d7,7f56f51f52447a34337d567786d2ccca334fb821ef42a37bf069908821bae12f,164122014e4f622e8ec2b332fb8de4edac4c2e3413dcc033b991f089eb2b76e4,2794006ebd377c8ac6e15012fca32882b4b2fb0b0422dea53d1c534309660a67,5f2aa72c4de7f5ab8fff66b66881688f23c4b1c387e391c2706d932406380898,ec5701608d8b3bc9f677045e597ccda1a4ddf0ef936f4b1ce638c815f4d24b3d,b31e223302c12759b41277fec943860e269784d979d9568b1d803b0649db94e5,9c342d77e05f9e2e9d1494b72151fc247182f689f23b446dcea042e664929392,b0ae1477976711559a041922eed8434a42d2b5966ec34c3982956e5dd83e234f,7ec39ca0c432281d57d14f6da8f2da210e807bdfff22737aee5b019dea59499a,91cf5656c9c36022c436caa63868904c3cadfec296954917948f848515d028c4,38a6cd2f8c489c041cd0ee4709d5a71f3096bc1dbba98a9c46ec8da0cf578972,607cfe6f2d0f4a709db2ae90d5c1a18c1e802eee6b31e0da6234c59dee9a928e,2ade1a47c007280dbdc9ca13f75051943dfe6d720a042d6ebc5d44dff527b825,bc7771ca53e1f4de0677d4603d597b6dd981aff96d71a6a9d08dd4545403d0b5,901975635da429c39eac097b26fbcc6e1aedc801b20c451ca77729657cab3af8
9df35506b0e9278dec08ee9c28e9384fa14c0a550b1571fd053560c665396130,8eb14fa2bda75dbab5f6c2d34837ea6d61c5dde2edc483bfb205a0aaf1f0d4be,828e1601529b39b4463cfa496cec40b1e19634a8ce733fc99657d9d42eb99ab0,db25c2ad6763ec9e7ece779abf96b15fdafde5f203ade38e319e1e2339a3a41c,05d3c50350c16af873934800ad69b03eb62c7e269fff28baa1056e75c233f1ac,7de767d9c2649e058ae53256b0d6cc8dd72d927a35a6dd4e55761b61a953ad51,f64436b6987a70588e2e7cd3559a7d764613a9598c01f5a3d29c1f40c862f820,73a9492193fd4b22ac4bcf9ea4c3dbb321d42a1da2e9a8bb257b855af537fc5c
3839189dda947bd284e17c19b725a40a14cc6cce66f1058b62714c6c041db911,23bbcf6e3dbee812605c3690cd869fe9fab66a81608e42550606fc8a52a1f2e9,d7e77956cb95b8d7830ba750ac2194d7f10654f2d1cc411cdefe1bfd5a2641fe,34fd8cb379936415f406f70a77d7c84b830861c7acb3d9ad4cc74b91667d6902,d6357583d4dd5f9519f1e5c6aa2921e8084729a06d41d7f1d6eda07c129e163c,3328b00a61b8f6048a5ed3e8c1c79590c58e12c8b22672ad426695d0bc4b7ec2,3cb7a54433a4624dc490e4e6b5693963060455260baa682d67e8a03c4138492a
0dcc348b48e16f5f23ae1a23cbdac96e6c82ac7a6be2dd7f3a5c271904d1967f,cebca5e1a10452fdce70f48c8f851b8211d127095c3bbdde5fee2045194cfcf8,4792b0c3c82e0832e9f4a7edff65c1c082d97505b0bf820871eff50ebf1a74ff,1e17cd16067f056b1063bd2ae1a8eb91c6ea8a77273b40db0bf926c601945246,ba7355464e218d9570c5ef09df1c71dd2c074ee81f93ff2a2cf81b277440c409,1c5b9e305800d216bc8a752b7746829802ecbd0cb8e381f0367abb9caba445ee,396360ddef013516ac218f0d6b6004777e2961564aa652247af12b7941abab45,17a0c9ef109b1b815f9acc15cc03f039fe7b516e2fed8b93ce196fa1436b9eed,b4f34cc31b093acd395d2136413caa1add48d217a109abf5e97b61660792b4ba,455aa71e93d7ca691a87f9e99e5599a562b2601b98aabca07e33327287ad4e40
8a8a246eea40e49b1aaad23fd867b8a9faeb936fe020ba5ce43b4547331a63ea,ec09e24c01dba40a97640e1b56e5e2cdf0cc94b2f3a4f7a32e23cf40af9cc722
49b6ead11d70ca1b50ffee002a21127891d63567d4db7912568546f9f1cefcc7,1e7e3d3bb3243a11227871fd037ec32e68655e8bf32c6e564ec6dca173e101ba,a51eacef43887d26c3df98539fdfcf728351a0c4adadf081773e713674214cc7,be0ecc95b196595e3b3047cff6db48ad45639ff5e69df9b18a30b0b2ea55129a
1332b0480a8306484e36fb3f2661d28eb634c1df95b48923882c7f8f7da6f841,8758cb194a4483688d2c7725d5c5cc6e5ecbd3fca85dbeb96d8de47eeda7ac61,a933cfae4753a2c2cdce7644d5896bd3100641d99d2badd33f67c737a0b45f6a,1e55157fbb20b1cf8dd11a858dd439570cd9683144546e106fde354f65cf8dae,8d6a6f613f098166d2ac6f060d153cfe1fe5801c9d400de3af8ab41331208f24,11a7600c42833753b12e55ea8ac3fafaa54aa5f92d1f23c0fd7dddcfce66a3b5
7ebc8c5a9e9d1dc322699d46397661c314be603aae92e0058215d5671c608564,eec0d636dcacda00ed2156280604796b707c9ee051869e5aab5834b1299e1f33,c83e4990d3a620e8c2e1bbffad866a6c77b3b7235063428f975b3a83c1e26ffa,364e56eefdd869b02c0fa764a0cbb457ef0d4e5d33b0dabf998a59a351dd29b1,1f6eeb2c99f81fc580298cd617094fa6c3fe96be9510335c37dc8dde22be0db1,2f9768f3e933d42ab3057df9b9615f43c63fb166e617ddd2bda00afd6f0cbc1c
294e0c2abee3bff557b9541c25254744d25e2333eea7d681e07c82220676a556,35923a283b9b39f13d788a4145f364d8ac2a1648f5fa9269a5addb267e2f42ec,7e25ad2340592b366fb6df88f60d62540d72be1b26b73474b762b32b832fb96a,38039a4ff251ca4c60a07c02593e2468f2da2ecc14688a39624e64eaf940fcf9,1523395636d4e175b690f145e31da87cfd869e7d69c585787b51544eeff33748,534bcbf809b861ab8f1512ec0364eb105157f1208094d0457fd1d0dd9010b540,ac0037b115d26501a3729b1ea9d183efeccfbab98ef3a19cb8c8a79e9e6f4be3
a5dffaf96ae5f9cfa72ae1cebd1f64a7002c140bb3f6c53baa98cc6294c6d493,f6858b50bb9b8e78e83532398d2df83ae682427a5ea3c6d2517a69e2111e0710,60b074256bb8d6b4ff67e6962856ba67f3a3d2196f115fa2e98c5c20e4825165
2f1361958871e06ac28ff5d18f4fd28a684da82e5aa8e7625457cb12306755ce,64e12ee8e4a18b2646855647c8e464d8453b79eeaada60b41cdb2f1b979cf48d,530858cf677e0d0c155b9486cbe500a0816c4a394da1cdf7434ed3ac885590e6,ce80b21fcced12b63335a91077098e9f0ef51237801f38e1060663d687a08861,b8da58763245b22d74f75241a47e3d99ac71df9d36907ba7332356c3a6165152,45dcdd35104b2f77f41200fb0f8884191ad7afa56ff7b828e5066f584b0ba151
657835c29efaa5a770c8abd869e35b80372ce005c6dd57fb8a1acd51abcdd8b2,f50623ad26500ad78995f0687b6e3602376bf5b150869f005b3405988fc70955,90b50ff60c90f33880848348b81dde38a8eb590e92a804d66672c210ca658ddf
0183305ea07914e1b98fa2d89d25e0c1a8d07cf532c6cc181be6adec51f40b13,2f673110b05c31e935632eced4512ca56332f71701a26ba978f03a01c0ebea57,16912d681ea5e12c3f495f63831dbf3795608036290c0483d77223b7fc6573d2,1ed19e6bca9ebc9a37e3f8528b656991b4fbed421e1dc0c5ebf7476d9981349d,6b83e8a5f53b029b77511c671621ee4ebbace059bcab655ffac8e10879286bd8,42c15b4144afecf556933f0721dc908d7b98d0a857224ce5da2b1f6baea3e8eb
07763f357aee9adf5218f6017bd615073668cd378f94d9770b2d149e73c839fe,69b9c38db4a2f3c30e790937f5cdc002c98cb1f0564672048dce60bc485cc737
0230452e82afbeb1a9cbaa0cebc746e9e5fa14c70b35da7cd3a9fd6e3a49304c,f6d29b325ee6fd366ac789657294120c679f1b4c52ce650d71abfef7a9d764a2,872485b8dbb526ae18810888a65e30b86af344ba43b6a633c9a04416b3ea3960,f1e64f9970cec44f0f86e5faab2a0bb0b468e7aa6bd9e28a0d74e5a7dddc3979,62641a316f4fcfd8d4efac7c93d2751d7c07c0d4c3de4a3da9d4db24c9381d13,c2bc6eede39c573730a20b5db61e9eebfcaebbbdc42413fd61475b908dff59bd,5e0d41102501d8948b231791f8256c90683a778155daaaa0f66cb7f744b5c795
2d8135de6e7ab15de504ccab886d060d67e679a21aa1d39d82fd8bf94eb27830,450403ef2b06c8900529d26b3ceb5ab770a20467771fb70173eb56299623bbd1,4e2b93714cfea81e7e4dce897a20502cce2c5c75d3345fc3ae9053e3f0f5728c,d5fc3521dd0d87cbc49207f3834742d435c4d419913c75dfd043f7ed4406e380,37c20f1f86a17a37f9d3c9bb005aceb4b7680990a2cad9ccf0edcc76be5da4df,04cab3391fff8478ad3f3aad56ddee23eb4bdcacaaa22d7000b4173925d476c5,a74ac3391b31eae3b87495b91d3c132f16486ced04669936debf9429491f438c,5904929aff93be054716e7b7b28f2e7210dd1c5f3297ff222a8bcf5029c1aba5,8d83d97f85dc3e8532f871bfe62f600121e43ce75bccdb883dfb829ae8500e15,ff53a92ffef111d1e4729328a16c954f96a5125b582ddb28e270acc84378399a,234827e984c7f7c7e20a405183f0029749d37cbd273effb340319cf5437f5ff4,d22947154ac75a02721a20d3256f3855c932e6a3bf9d279b54b9596bed5f4e77
3da79489b04036abdef4c5315d96b5a0a8a7c5adce59251dd578464d009697f6,389e6ab379775095558f66eb45f7f4a290142247c0ae754fbc154250622f079c,82d898af8288172f94a22e3ec963550e10bc74316e239d747a3e1d75b68d7b76
bfb535ffc9e6507474f01e01f82cf43c6d98f4d5a07b6a3fa05e5c0108cabdca,e69f728205fa086ba56c7ee68d32623b1470de28d7d72ff2b43fce01bec499f9,96c61a25e84562d1c6a374b3b12828efa9e0b4dd0856d40003333ace22c4aed9,0c6eea1c507854ed6bc80ec06fc9186ab8ea71e3e2034ae7816129eb29e55088,eb6e8437e31320993ff6a714a6a198ebc74d23dbf2982168328589f1174fa22f,117b589a954608b4ec71b551bf6c41b6b2c4d6be78726b630ea9c128a8055c1e,742334e8c36c6a591a85e6236da3367da92dd17f3712e69c92329ee14aeac8b5,b9fd41269fbe5d9fb8cdb3b614e5b2c8a206a6b390f42080773a8af3abce39ec,477bd29209fe5abc4599306ced33eb4f87863c58e4d93be30e9efeb82f6fdad3,24e35f3c510d1a246ca084f1268d948b3951104be7db94ea73deee71b99d225f,7e3240b42a0cdc7e03354a3d933dff5eeb5e393eea8fa06383c00ff358ba242a
06d512e0fa708b3f087e60f34aa5eb6d5bd935451c78a5cfb576a0d72fd2e557,e9db3992b69fc7f9303f328ecfe17c0678bb7c26d4831298f085025424d101dc
68019a986aee3e698f7d141e7900f4c4f3d444de3ab18aa814e1a424f72ccd07,022fdb883501fc33f787824e3d88e0e9a95df68b86321c579913d58380237c6b,1506a2d4646b81fd6331cdcf24f1785e0a3ca68ed1f2e2e5b4a78e90ed2e5334
25dbe4b19c4ceb91b5b726693816521b54a8f8e0fd1231baee3b7431a9254516,bead8a2e7c97ef43a9628cbe2cdb203ea7c0980258f121adf4c6226ef0594b6c,003ea18266963a2d7b0b549983b195a173e4a2e0f3ba3c2f45ed409e6cf6ab90,0afdbe9d5df52c0f441d71fbf52eeed182c713648886270ad105102bcfa72482,1ef7e83f145e3fe47c3110b2c4ad84806f995c69a44d1aeb0ebb568e9c99fc88,301669efa34d34a491463e40d00e6a24871999cca3c1e4a4bcd0dfd5eac38825,df2a928199158300894a5d938858eb45121b37f0bfb80a07ae605f5cecfa30d3,f531c259e1930f350499effca72bd49660a2ca7d73a330c1c4070550ece42775,437c86be8761a7752d03d288bf9acfb69be728e3c99ec9029719049e1625d3c3,d963379582ebf9dc7e212426f96e8fefed90ac06c8680719e3d4ee28d72dd45a,5aab6896102ab4285d2692475432e1f35991c9f6d7bd3b65e373e49deb2559ef,449b08c60338aeaaf7e60ed314e2c51584ae9fbed8877ab43df3a2dd2f8e5087,c694958523c516ed334153734a061a13ab26b2375a61ad9fb2be54d23b85c4b5,812170d41c92fac3790a180f4089774f88e56d4586cb14d4d587eb6f37a343b7
3dcd5d4781b04c6bddbd0d1faa3aef703878cf1c1a23f875349e234dc9b3d05f,5d98b6bbd14bdd857f2be9fe16c691239e63aa86134d718d72f047cc4be4c3fb,8be9b0e5331e144eec2c8156b3719d3aaf27d1cb44d53a2192804fd9e940c028,289a9bccae75fa48e23ef790e719edb514a9b837f18f9b8790f327dd4f3a7f56,3eb497b2663426fbd41fee6d6ae65132fb4adb5188188f3f74ee48f553a2e81e
9f4fb0e8aee2d1930707e8a540779415e74849122a2e972a610ed3a4fdab2448,67d18c4552836c1306f26aeb9ba5ec6536c911f7ba96797a80059ddce51c2575,f2b821a1c86bd7e1222513be85a622134685dc618ad2a5215cc0c3c43a4e95d7,315e26c3a7047624d7d476be35a326e5457a884bfa4a0742489951d9147a6312,8d8b76d1e9ce48336cec9b9d1ed5b9e804c41ae9e8321f0034776ae39bcc10e0,53f2665e92d94a3b7fff9697b86a2d117f8a9ed6012294b81a4e6d66fe69f5ae,c27315e9d63cd69fbfd911543cce357e7556cca5ce0f941c01fd94fe33b561da,c4ced8ab5d8871f042fbd30d6665f75ab05e1bcd847a979a2f1daedb5546d2e9,8a119a8a6272c494b1b28e26261a7666c905738405c7c747de79009f4fba8e4e,69915df443a057275b5847c7f324d0d348f97150c0cb9269ae219cbdb4e0e1f7,979e0f3855420380369c32dfd54814ae4e26d39f0968092b4ab00ff194b051b8
5c3566871a57a4195901afd77dafc553489d7afca96e34358b253db24637f73d,7b3c8fefbc17b2b6eabf9f4b22ee7d87040aeba8578e6a921198b7e76d245e38,da52b41c4ff4eb823ce87de9f9bcbee1238c6344168af113862e9a751b50498f,085ffc689303c2c1b1e8c543dc224fb6f9000cccda98b62dcf7f9200c59341f1,7b878a2f0cdd016f524b6566b47a23dc8905603ff8ef93318f593c6b0b43221d,b73eb0dd7a5b7a07983f819f07f09cd6fe2ea9db924bb1bd0a30dbdb38ddae70,f1b25bcc9e83a89b1bcd83c32c0edc162322915c39b6cdbc1e12f22a975023fa,2e8426afbb98a97e390531822245612c6d8851f0333e9ce33fd8a9722f9d84fa
a3a9c61fd54ce9399da74f2359ab90f75bee682120ec32259e904f72f76ee7ec,df714fee102a0664a630a194f21d561fdb6b973a1d1efc2a08a43e43fb7d6b1c,43dbb0a276406ec81f163ecc9d85727f544fc6e16ae693be5b7fc0d5ee690074
3c44fed6329931c17ffbbe8044b9181ab54cd9c5e9671c657e6f5a0882f5d59c,3b09bbb0314cb2242abc7148e9c4197ce794b3f0b5e6505d8c31526bbe326bf2,f1d2332dde55aec8229cf684f29291cc70745d039b200061ad9a20b81078c5d1,11953c92b75037fc3dccfc17b2f00e0b6d4f027215f2890ccc5069d6b0b1cbac,a41509f945d84c12beb46822586d6764ee7fe60fa9c18edbc31c36dabe316ae2,33695244e5e73bb615ed46dbdef4ae2cff397ac7909edb5d65390198ababf6aa,1e25aaffcc5800c37a669b5e8cd08aaa92db34a552734f70e448233b203b80a0,d4148edc4894b474e202fd8fa062f6efd5f1843ba0093d74f35bf9b02405afc1,1c2d019767c622c2c5e72a444c97f79876e36cd9dc09a4de55b8cade1a137a0f,5fd04125d8c56c7d81e7dbc7e7aed8c84ae53add50ab50254174df464afb4ca7,51e9b1b0bde26761e34acd9abc5163229c5ea050106d3cb63f1fee8a98839747,a63997b400434189dfb75e65bb665997cdf74df6a3c98a735ffc161669df7d69,f67412523828bca39b96079919fb967c02f2574072f3b2e14d54e7675c326c76,d148040f942406bc723502f298adec1c5e46adf95687d1055e7c402d02324c9c,863cd28cdd7e6f29c71c9f081dbf56132c4a37b8f13f4a2a034384d9e60b8c0f,c5e9a75caf578d8e6824ac4a210ed8cc3c8df7977eb19eed1ee37b12dbf4e796,17f0cb99ad8692145fe7de1929a1f4322f45ee754bae80aee9e09ed786740a66,ffbb3b7539c38d9f5bfeb9bf9cd5164aca763cfb54ba2e647f27ebf17ea05504,6a72a531453108685f85895f61bc9e405442c05ec3ed65a611ab830dae2c83f9,c2c983445291e57e12f2d4846d9f2814c0b06599fcf1cc487ac4dd1ef087e6c1,e0af90215904f2aac7e2553598f25c324c1daee26ed0e03bc034da7737219fd8,5423be03aac973ee8a300b62d9c32ef784fcb071c1fb8640c0809f2d62fa0a37,81cf0332cab221b84028121fec53980fa11ad7b5b0df647dd085ff403fe98cc3,2014bdb1d04611703578a3363767ad010497b3ab580b0c053540d25d6eb0e255,daabca469bba1cdab686e20f052e3b1fbb543ec47a09a734acd6fff1307b0c81,99cb83a31acdeb6448637767fd09e3748b43aaa442e8a664bdf34c69fac1b65f
74440d7a26f6ccbbefd50248d9faffc843c03d04cb687e055d1d9e7ca3ed944f,1c57bbe69ff253bbb15919ed7b684d94bced434126f144727413a71c1a499ee8,8d14c2005f3a044855c74d55ae071433e8f9048de29e31ac9de150b783784219,9cef406bad0f3f148a7a42df289e615949b1b2262f5a1bbd8f51564b64a116ca,fd8c6d00dc4ad1806e16cafa1d6d4cb4d60f406de5fc460f4fbb4d7950c62a5f,1aa2fe81e0aa06538cf11a29365ac90b0b1958e8f50fc82b828621a2da344aea,d45a4e39191d66178a790a2304a382bfa2b7e41ce1686996e9660cb4970266f8,254becf4cded7b08b8e8195e9366dc7e1d5903119f5d3716faf1b319c02309c4,4986aa1cd9a2a8e859c4fe0c5ba26adc2dff036ce31b5c831dbfc4523ff548e7,a39c84255170f30a094ec768213c0d955c2367c59aa74777d495f21295dd58b4
3508d165f59786de4ac7fefaae6c74d52c2274ea04f903ff451e4f80a9276884,04f24a3e38bde870cd9c94a174c636dfb12561cea3ac190fe7b1c3534733360f
61d7af2bc7801ea83f9cd1ad09dca38509b17cb83746b0799462e996d3a8dead,77d3202bda67c8ccf37fe7fc99a8e4a36104340dc7c03ee36fd83898abbce713,61891a7b1da428c194b9af3d2db57f10a4778f408a3bd795ee0247955df65fd8,9f1dd8fd21881642df5cf1c68ac000e8ed741181a730574f1c064bd7a966fcd3,e007a128203d432a80f3a023921f23872256f5c8daae0d9569ec5c805efbc9d2,90a2ba9930d1f83fa10f4e6c1a121fb53e38d0af69419c417868d4438112fb5f,e33e7de2c8143f2b061f1b0bc1120dea6de5da9e3da0837454afe9ec24925fcc,8cdcf0fd24c95d5c78f94fd2d61d4eeff4a96807d5d49d2aec80690c6ba0a54c
90737060186ac8e8a5ecbddd9bac4a42cee884a0e1f95692b2cfba22570bc641,424a1dec34c270fd2ad7c792f4e43c5c0b423165e9e9699a6605c88ab5d6dfde,3aabb7837cbe80595969525c74dac560ebc4dde3858431ca3710b7af997c530a,15e35872d1ab578403eb0a445e033cdfa22dcc7521a3b34e3ec9f1b7d4e12681
271e59335259830aead65ce8d6fb5569a3e73cd4b2d4ac07d6a7b13db6a45152,84f767335e99e83789529426098efcac9b09772bc104da491ad71baf7aeddc6c,cb6ed5fa45eed82677b77025961d7dcbb406ff14b3d45c924c65e7a20982d050,2c5d723423c3d77fa58a4b7b9ac7abd5d044f247d448e3673b75176601be8b15,f7f34ece430d97a9e3584e522dc7de7368bca0f842d0efacdb5a86923d01f5a2,d20a11668096d76da0fbb548fd203e6b0d838e775907032f046a631db86bda75
c61e567cb569f774acb9258bb4b91d85b4eda8b19e88a0f33fb431e532543250,6fdd8bc9c89a0c2b7acc9b2e82e073cb9aa639e6fc9f0ff055bb3a29cb9fcfdd,1b99640d9d7956b0c343e7dffc64331bd4d6392bcc92161f2e7b91b17a7a10f3,0993b33f19a7ff0f38a54ad3999d42cb827223aa6ffe619dcde447b1e42b0484,1b8393e442c8e4b7fbb965b41c4f00c51459fb11477b8a0ccd5c612b965ce05f,73beaaa7cbe72b0d06c5dce69a0759e42cc8b7298fea15cb2ae275b79a4c52c5,39b9d287a2a09def74a19e54850b6f2dd367763173db9ca3fe69e682576274d5
bc18d5f6999d121d4c2d928224631c5c73f7130c3578145a9d8328d26d656809,07b0ee02c628069e80908abd1d73f1fc8e2fd3d1115cfcf664d2845980707399,3ccfaeb3e2e4da53ae5dd1f413b1351702f8e6c4c1ef916adc286d5830341e6d,3b6e23a837ca5930323afae6dde33bb8a6d1e7f7ae62e0162f3f602de80e4242,5a71e41daf247d04d7604203276ed99f9cdc884aec384fb21cb4ca84fe5d0878,02bdc18c781c30d32574647d1ab66d2eca091bd9ef9d35e90c1221881b9983c0,9ab73e23f8acc71c8bb17795a57b4766af68c51094fd6bbecae410043b0a23ec,eb9abcf73023415a10c5d8d75973420518147e5023b19b820a47277754917cc5,3c07f0b692d3dd25f6dbc77c9941eac62baeedda0e1d786bbd4eae7634eb5896,2abbf9c1a74e4aba81e819d425aaadd6deb8c777dd57786866f1b1ceb6915418
4fc51d711a79c43198da4eba474619d3f8ad82734ee51609263f01cc3a67a999,5c81f84e9be2847c6adcbaf085a5d773fd4221072294f05a34a7de12597ab677,f54458fada433c7166a30e2c93c4765086e337ff9d552389618b3a41175d3b85,e4a406421cbb119d5b948937aa75780410f6afe5636b7c3fd2308bdde8b26f40,c2eb28ea56324c6483cbac862df6cd97259e0a3552005e7fed7e92fc21395489,21bca86fa3749eae3d1cf38733b1a96e787be1887df3e0aef40243f31639db2c,402f24acb7a893e3aeaacad98a4df06f8b29404d07206c304a4590a17422de7b,b6b2e16e637ce983d05fbe05b0287a12bfe427ebd940acdbaad2b9fa68a63327,891550be01489826eb0ff1f46d6ed1c9b5f0230165426a12c7ebf99fc1c13d44
686d5b0520fe7f1a5fdf25b975cbb4fe40b02e7e1ff15fb442e765373aad4c09,5c0fc4706b50024b4e80cf4d5558727b40bc9cba5cbfe7c8318f41f228a39439
